Activity ID,Filename,Activity Name,Activity Date,Distance,Moving Time,Average Speed,Elevation Gain,Average Grade Adjusted Pace,Relative Effort,RouteID,GPS_RouteID
8083971283,activities/8083971283.gpx,November 11 2022,2022-11-07 20:08:00,5.46,2133.0,2.562,23.3,,,5.46,244.0
8211950315,activities/8211950315.gpx,"December 5, 2022",2022-12-05 20:08:16,5.07,1684.0,3.016,33.8,,,5.07,245.0
8224900776,activities/8224900776.gpx,December 8th 2022,2022-12-08 20:07:44,3.78,1188.0,3.181,22.0,,,3.78,246.0
8241098589,activities/8241098589.gpx,December 12 2022,2022-12-12 20:14:18,5.04,1635.0,3.087,33.3,,,5.04,245.0
8252725865,activities/8252725865.gpx,December 15 2022,2022-12-15 20:12:11,4.56,1496.0,3.051,22.1,,,4.56,247.0
8275969873,activities/8275969873.gpx,December 21,2022-12-21 19:49:25,4.05,1426.0,2.846,13.6,,,4.05,248.0
8279790277,activities/8279790277.gpx,December 22,2022-12-22 19:54:43,5.26,1894.0,2.777,35.9,,,5.26,249.0
8457003753,activities/8457003753.gpx,January 26 2022,2023-01-26 20:04:34,8.06,2688.0,2.998,45.4,,,8.06,250.0
8765605574,activities/8765605574.gpx,Afternoon Run,2023-03-23 18:55:43,5.28,1876.0,2.816,31.9,,,5.28,249.0
10234547115,activities/10234547115.gpx,Morning Run,2023-11-17 14:58:17,5.24,1804.0,2.906,21.4,,99.0,5.24,0.0
10239930951,activities/10239930951.gpx,Morning Run,2023-11-18 14:01:14,4.78,1834.0,2.609,8.3,,60.0,4.78,1.0
10246189200,activities/10246189200.gpx,Morning Run,2023-11-19 13:59:35,5.41,1803.0,3.003,9.9,,70.0,5.41,2.0
10250627822,activities/10250627822.gpx,BIRTHDAY RUN ğŸ‰,2023-11-20 11:19:55,7.81,2966.0,2.635,27.8,,65.0,7.81,3.0
10256633076,activities/10256633076.gpx,Morning Run,2023-11-21 12:18:33,8.46,3001.0,2.822,37.2,,120.0,8.46,4.0
10264051187,activities/10264051187.gpx,Lunch Run,2023-11-22 17:40:16,8.29,3005.0,2.762,0.0,,104.0,8.29,
10270460233,activities/10997169472.fit.gz,Morning Run,2023-11-23 13:19:57,7.21,2711.0,2.659,0.0,,110.0,7.21,
10273779304,activities/10273779304.gpx,Morning Run,2023-11-24 13:40:32,9.14,3043.0,3.006,49.0,,163.0,9.14,5.0
10280254258,activities/10280254258.gpx,Morning Run,2023-11-25 15:52:20,15.11,5166.0,2.925,78.0,,213.0,15.11,6.0
10285522610,activities/10285522610.gpx,Morning Run,2023-11-26 14:41:10,6.62,2311.0,2.864,14.6,,89.0,6.62,7.0
10294836430,activities/10294836430.gpx,Morning Run,2023-11-28 11:20:41,10.34,3803.0,2.72,84.1,,118.0,10.34,8.0
10326698512,activities/10326698512.gpx,Morning Run,2023-12-01 11:15:00,4.29,1659.0,2.585,11.3,,21.0,4.29,9.0
10326698715,activities/10326698715.gpx,Morning Run,2023-12-04 11:32:09,10.36,3530.0,2.937,78.1,,145.0,10.36,10.0
10331833338,activities/10331833338.gpx,Morning Run,2023-12-05 11:29:46,9.67,3617.0,2.676,30.2,,75.0,9.67,11.0
10338400944,activities/10338400944.gpx,Morning Run,2023-12-06 15:16:56,8.62,3001.0,2.873,31.6,,112.0,8.62,12.0
10342763343,activities/10342763343.gpx,Morning Run,2023-12-07 11:40:09,7.74,2546.0,3.043,54.5,,90.0,7.74,13.0
10347881451,activities/10347881451.gpx,Morning Run,2023-12-08 12:59:33,5.11,1845.0,2.771,11.7,,34.0,5.11,14.0
10354346190,activities/10354346190.gpx,Lunch Run,2023-12-09 16:07:19,16.1,5762.0,2.794,102.1,,225.0,16.1,15.0
10359274380,activities/10359274380.gpx,Morning Run,2023-12-10 14:28:49,8.54,3302.0,2.587,32.3,,112.0,8.54,16.0
10364433448,activities/11094925313.fit.gz,Lunch Run,2023-12-11 16:59:46,9.82,3411.0,2.881,27.2,,138.0,9.82,
10369591366,activities/10369591366.gpx,Morning Run,2023-12-12 15:54:32,11.61,4212.0,2.757,35.9,,89.0,11.61,17.0
10384429690,activities/10384429690.gpx,Morning Run,2023-12-15 14:49:27,5.5,1914.0,2.877,25.2,,58.0,5.5,18.0
10391975589,,BU Race,2023-12-16 15:25:00,3.0,787.0,3.812,,,,3.0,
10391986974,,New Balance Race,2023-12-02 17:00:31,1.61,397.0,4.054,,,,1.61,
10394541719,activities/10394541719.gpx,Morning Run,2023-12-17 12:12:43,8.29,2865.0,2.896,41.8,,114.0,8.29,19.0
10400043727,activities/10400043727.gpx,Workout in a Hurricane,2023-12-18 14:53:21,4.08,1310.0,3.114,16.5,,46.0,4.08,20.0
10405211264,activities/10405211264.gpx,Morning Run,2023-12-19 14:42:07,10.12,3411.0,2.969,65.4,,125.0,10.12,21.0
10410553284,activities/10410553284.gpx,Morning Run,2023-12-20 15:47:59,5.73,2000.0,2.867,38.7,,68.0,5.73,22.0
10430745126,activities/10430745126.gpx,Lunch Run,2023-12-22 16:01:40,5.94,2133.0,2.789,15.0,,72.0,5.94,23.0
10452786158,activities/10452786158.gpx,Afternoon Run,2023-12-28 20:26:46,4.86,1806.0,2.695,0.0,,40.0,4.86,
10459020188,activities/10459020188.gpx,Evening Run,2023-12-29 23:22:03,6.62,2403.0,2.756,0.0,,39.0,6.62,
10464216625,activities/10464216625.gpx,Afternoon Run,2023-12-30 19:28:28,7.86,2734.0,2.875,22.5,,92.0,7.86,26.0
10474482661,activities/10474482661.gpx,Morning Run,2024-01-01 15:38:02,6.25,2243.0,2.787,33.4,,84.0,6.25,27.0
10482232377,activities/10482232377.gpx,Afternoon Run,2024-01-02 21:36:25,8.38,3001.0,2.794,0.0,,74.0,8.38,
10492364004,activities/10492364004.gpx,Morning Run,2024-01-04 12:31:40,7.21,2394.0,3.014,16.0,,50.0,7.21,28.0
10506137763,activities/10506137763.gpx,Morning Run,2024-01-05 12:14:58,5.93,2224.0,2.67,7.7,,81.0,5.93,29.0
10517568584,activities/10517568584.gpx,Morning Run,2024-01-07 13:58:23,6.51,2595.0,2.512,40.0,,107.0,6.51,30.0
10524197280,activities/10524197280.gpx,Morning Run,2024-01-09 11:34:04,5.22,1991.0,2.621,0.0,,100.0,5.22,
10537022764,activities/10537022764.gpx,Morning Run,2024-01-11 11:34:32,5.09,1809.0,2.816,24.7,,78.0,5.09,28.0
10543135549,activities/10543135549.gpx,Morning Run,2024-01-12 11:46:51,5.94,2211.0,2.689,8.5,,63.0,5.94,31.0
10551210222,activities/10551210222.gpx,Morning Run,2024-01-13 14:41:08,11.54,4452.0,2.594,46.6,,107.0,11.54,32.0
10562784943,activities/10562784943.gpx,Morning Run,2024-01-14 13:23:31,6.39,2160.0,2.962,27.7,,80.0,6.39,3.0
10562784984,activities/10562784984.gpx,Morning Run,2024-01-15 11:35:24,11.46,3993.0,2.871,111.5,,166.0,11.46,33.0
10581871571,activities/10581871571.gpx,Morning Run,2024-01-18 11:39:26,5.62,1923.0,2.926,20.6,,40.0,5.62,34.0
10587817254,activities/10587817254.gpx,Morning Run,2024-01-19 11:32:07,6.98,2869.0,2.433,23.7,,76.0,6.98,35.0
10594868935,activities/10594868935.gpx,Morning Run,2024-01-20 13:59:54,4.7,1883.0,2.5,17.1,,55.0,4.7,36.0
10604556258,,Afternoon Run,2024-01-21 20:30:00,3.0,804.0,3.731,,,,3.0,
10606802073,activities/10606802073.gpx,Morning Run,2024-01-22 11:28:23,7.63,2893.0,2.639,58.9,,65.0,7.63,37.0
10613067763,activities/10613067763.gpx,Morning Run,2024-01-23 11:29:58,7.06,2723.0,2.593,9.2,,60.0,7.06,38.0
10619855604,activities/10619855604.gpx,Morning Run,2024-01-24 11:39:22,6.58,2366.0,2.782,30.2,,48.0,6.58,39.0
10633591628,,Morning Run,2024-01-26 11:29:00,6.37,2400.0,2.656,,,,6.37,
10642652321,,Lunch Run,2024-01-27 16:30:00,1.61,390.0,4.127,,,,1.61,
10653280510,activities/10653280510.gpx,Morning Run,2024-01-29 11:35:49,7.69,2649.0,2.905,30.2,,68.0,7.69,40.0
10659865946,activities/10659865946.gpx,Morning Run,2024-01-30 11:32:42,8.33,2807.0,2.971,34.7,,122.0,8.33,41.0
10675905251,,Morning Run,2024-02-01 12:00:00,7.24,2400.0,3.018,,,,7.24,
10680183262,activities/10680183262.gpx,Morning Run,2024-02-02 11:30:11,5.43,2093.0,2.595,17.9,,31.0,5.43,36.0
10700665293,activities/10700665293.gpx,Morning Run,2024-02-05 11:34:09,6.6,2313.0,2.857,35.3,,43.0,6.6,28.0
10707167600,activities/10707167600.gpx,Morning Run,2024-02-06 11:28:42,6.76,2563.0,2.64,9.1,,42.0,6.76,42.0
10720838062,activities/10720838062.gpx,Morning Run,2024-02-08 11:37:49,4.99,1701.0,2.936,22.8,,34.0,4.99,28.0
10732896752,,Morning Run,2024-02-09 11:42:00,7.06,2700.0,2.617,,,,7.06,
10733077021,activities/10733077021.gpx,lil pre-meet shakeout,2024-02-10 11:56:10,1.69,554.0,3.063,0.0,,22.0,1.69,43.0
10734979758,activities/10734979758.gpx,Warm Up,2024-02-10 16:11:39,1.66,569.0,2.922,0.0,,32.0,1.66,44.0
10735631045,,Indoor 5k,2024-02-10 17:36:12,5.0,1350.0,3.704,,,,5.0,
10746622554,activities/10746622554.gpx,Morning Run,2024-02-12 11:38:57,7.25,2549.0,2.846,28.7,,59.0,7.25,28.0
10766439379,activities/10766439379.gpx,Workout,2024-02-15 11:34:11,3.71,1232.0,3.015,20.6,,28.0,3.71,45.0
10840917010,,Workout,2024-02-26 12:11:00,12.87,4568.0,2.818,,,,12.87,
10846727758,activities/10846727758.gpx,Morning Run,2024-02-27 11:18:10,5.82,2196.0,2.65,8.3,,31.0,5.82,46.0
10846727992,activities/10846727992.gpx,Morning Run,2024-02-26 11:41:56,9.32,3310.0,2.818,7.9,,145.0,9.32,47.0
10860796207,activities/10860796207.gpx,Workout,2024-02-29 11:18:28,9.64,3102.0,3.107,76.4,,121.0,9.64,10.0
10875826024,activities/10875826024.gpx,Lunch Run,2024-03-02 16:25:17,12.4,3810.0,3.257,81.7,,210.0,12.4,48.0
10881830364,activities/10881830364.gpx,Morning Run,2024-03-03 14:33:34,5.01,1603.0,3.13,16.1,,60.0,5.01,49.0
10888698897,activities/10888698897.gpx,Workout,2024-03-04 14:33:43,9.88,3245.0,3.047,43.6,,128.0,9.88,50.0
10895888294,activities/10895888294.gpx,Morning Run,2024-03-05 14:09:23,9.86,3200.0,3.083,75.2,,123.0,9.86,51.0
10903397121,activities/10903397121.gpx,Morning Run,2024-03-06 14:49:26,8.36,2674.0,3.127,49.2,,100.0,8.36,52.0
10913308057,activities/10913308057.gpx,The Return of the Enemy: The Treadmill,2024-03-07 23:15:58,8.06,2935.0,2.748,0.0,,82.0,8.06,
10916580559,activities/10916580559.gpx,Morning Run,2024-03-08 13:43:58,7.95,2448.0,3.251,22.1,,106.0,7.95,53.0
10924967693,activities/10924967693.gpx,Lunch Run,2024-03-09 17:05:45,10.53,3485.0,3.022,60.5,,134.0,10.53,54.0
10935719372,activities/10935719372.gpx,Workout,2024-03-11 10:20:37,11.57,3895.0,2.972,48.0,,142.0,11.57,55.0
10942245050,activities/10942245050.gpx,Morning Run,2024-03-12 10:18:13,6.47,2283.0,2.835,28.9,,38.0,6.47,56.0
10957069055,activities/10957069055.gpx,Workout : Modified Michigan,2024-03-14 10:19:11,12.18,3660.0,3.328,88.1,,174.0,12.18,10.0
10966660650,,Morning Run,2024-03-15 10:31:00,4.18,1500.0,2.789,,,,4.18,
10974738568,activities/10974738568.gpx,Morning Run,2024-03-15 10:16:12,3.78,1355.0,2.791,7.3,,18.0,3.78,57.0
10974738590,activities/10974738590.gpx,Afternoon Run,2024-03-16 20:21:15,10.4,3539.0,2.939,31.7,,105.0,10.4,58.0
10985267603,activities/10985267603.gpx,Workout,2024-03-18 10:18:17,13.68,4472.0,3.06,52.8,,171.0,13.68,59.0
10991853695,activities/10991853695.gpx,Morning Run,2024-03-19 10:18:31,6.52,2273.0,2.871,9.0,,47.0,6.52,60.0
11007349951,activities/11007349951.gpx,Workout,2024-03-21 10:21:54,11.1,3388.0,3.277,83.4,,155.0,11.1,10.0
11014158676,,Morning Run,2024-03-22 10:51:00,5.39,2100.0,2.567,,,,5.39,
11034001710,activities/11034001710.gpx,Morning Run,2024-03-22 10:17:33,5.46,1915.0,2.852,25.4,,52.0,5.46,61.0
11034004061,activities/11034004061.gpx,Workout,2024-03-25 10:21:21,9.26,2747.0,3.374,64.7,,123.0,9.26,10.0
11054378056,activities/11054378056.gpx,Workout,2024-03-28 10:18:32,9.35,3241.0,2.886,67.6,,182.0,9.35,10.0
11082780751,activities/11082780751.gpx,Workout,2024-04-01 10:20:32,12.4,3953.0,3.139,15.5,,151.0,12.4,62.0
11089506948,activities/11089506948.gpx,Morning Run,2024-04-02 10:15:53,6.13,2212.0,2.771,12.7,,36.0,6.13,63.0
11133601684,activities/11133601684.gpx,Morning Run,2024-04-05 10:16:07,4.67,1729.0,2.703,15.3,2.676,48.0,4.67,64.0
11133608759,activities/11133608759.gpx,Workout,2024-04-08 10:20:41,7.65,2391.0,3.202,60.1,3.224,99.0,7.65,65.0
11140716729,activities/11140716729.gpx,Morning Run,2024-04-09 10:18:59,6.62,2182.0,3.034,23.0,2.941,66.0,6.62,66.0
11156134910,activities/11156134910.gpx,Workout,2024-04-11 10:24:55,6.89,2260.0,3.05,19.0,2.997,93.0,6.89,67.0
11193923478,activities/11193923478.gpx,Workout,2024-04-15 10:18:35,11.63,3693.0,3.15,14.3,3.119,124.0,11.63,68.0
11193931698,activities/11193931698.gpx,Morning Run,2024-04-16 10:15:19,6.38,2224.0,2.872,9.1,2.871,34.0,6.38,69.0
11209202581,activities/11209202581.gpx,Morning Run,2024-04-18 10:23:57,8.33,2679.0,3.112,14.3,3.092,115.0,8.33,70.0
11215845599,activities/11215845599.gpx,Morning Run,2024-04-19 10:18:38,3.8,1333.0,2.854,13.4,2.844,26.0,3.8,71.0
11232579325,activities/11232579325.gpx,Morning Run,2024-04-21 14:08:11,6.68,2207.0,3.03,20.9,3.037,72.0,6.68,72.0
11238034604,activities/11238034604.gpx,Workout,2024-04-22 10:19:07,9.83,2982.0,3.298,15.2,3.262,112.0,9.83,73.0
11245817421,activities/11245817421.gpx,Morning Run,2024-04-23 12:13:51,7.15,2354.0,3.039,13.1,3.017,66.0,7.15,74.0
11253522662,activities/11253522662.gpx,Morning Run,2024-04-24 12:14:49,7.08,2217.0,3.197,14.5,3.185,66.0,7.08,75.0
11260327315,activities/11260327315.gpx,Workout,2024-04-25 10:18:20,5.42,1635.0,3.319,19.0,3.284,56.0,5.42,76.0
11268040544,activities/11268040544.gpx,Morning Run,2024-04-26 12:13:11,5.46,1682.0,3.248,33.5,3.202,59.0,5.46,77.0
11286244713,activities/11286244713.gpx,Afternoon Run,2024-04-28 17:52:38,6.28,2049.0,3.067,14.2,3.091,51.0,6.28,78.0
11290425001,activities/11290425001.gpx,Entering my Sprinter Era,2024-04-29 10:49:32,2.28,1739.0,1.314,6.7,1.319,5.0,2.28,79.0
11308230291,activities/11308230291.gpx,Day 2: Turning into a Sprinter,2024-05-01 12:15:59,3.14,2298.0,1.367,6.7,1.366,10.0,3.14,79.0
11314804752,activities/11314804752.gpx,"Day 3: Distance, take me back",2024-05-02 11:15:27,2.8,1666.0,1.681,6.7,1.674,9.0,2.8,79.0
11333309100,,4 x 400 Relay,2024-05-04 21:36:10,1.61,284.0,5.667,,,,1.61,
11399917202,activities/11399917202.gpx,One day or Day one: the athletic comeback,2024-05-13 11:50:26,3.94,1213.0,3.251,11.6,3.247,72.0,3.94,80.0
11420143869,activities/11420143869.gpx,Afternoon Run,2024-05-15 21:50:04,5.54,1803.0,3.076,14.8,3.079,95.0,5.54,81.0
11439273756,activities/11439273756.gpx,Tâ€™was a very rainy run,2024-05-18 12:58:31,7.17,2285.0,3.14,48.9,3.14,124.0,7.17,82.0
11458480979,activities/11458480979.gpx,âš ï¸Donâ€™t eat ice cream before you run ğŸ¤®âš ï¸,2024-05-20 19:39:06,4.19,1363.0,3.077,22.4,3.103,55.0,4.19,83.0
11461866408,activities/11461866408.gpx,Early bird gets the worm ğŸª± ğŸ¦,2024-05-21 09:35:56,7.42,2428.0,3.059,30.8,3.066,114.0,7.42,84.0
11474867447,activities/11474867447.gpx,Two washed up Dartmouth track athletes explore their old routes,2024-05-22 22:26:05,2.64,890.0,2.969,12.1,2.973,27.0,2.64,85.0
11474968622,,Hurdle Sesh,2024-05-22 23:16:03,0.8,240.0,3.353,,,,0.8,
11478418587,activities/11478418587.gpx,Morning Run,2024-05-23 11:49:10,7.73,2477.0,3.123,30.8,3.13,122.0,7.73,86.0
11486330003,activities/11486330003.gpx,A true scorcher out there â˜€ï¸,2024-05-24 12:37:42,10.05,3288.0,3.059,70.3,3.076,132.0,10.05,87.0
11494291661,activities/11494291661.gpx,Solid yap session,2024-05-25 13:34:16,6.01,2339.0,2.573,20.6,2.412,42.0,6.01,88.0
11510797910,activities/11510797910.gpx,Shoutout Memorial Day ğŸ‡ºğŸ‡¸ğŸ¦…,2024-05-27 16:33:18,6.53,2178.0,3.001,46.3,3.02,92.0,6.53,89.0
11515344820,activities/11515344820.gpx,Morning Run,2024-05-28 09:33:09,6.19,2116.0,2.927,27.9,2.934,76.0,6.19,90.0
11528730182,activities/11528730182.gpx,Back on the old trails,2024-05-29 22:24:34,3.91,1425.0,2.744,6.0,2.737,27.0,3.91,91.0
11531230224,activities/11531230224.gpx,Morning Run,2024-05-30 09:38:22,7.54,2619.0,2.881,30.8,2.881,97.0,7.54,84.0
11542982388,activities/11542982388.gpx,A little run and a little bit of hurdles,2024-05-31 20:53:14,8.94,3097.0,2.888,55.5,2.925,112.0,8.94,93.0
11547454229,activities/11547454229.gpx,Morning Run,2024-06-01 12:34:58,5.78,2008.0,2.879,19.8,2.884,77.0,5.78,94.0
11562057705,activities/11562057705.gpx,Update: Not messing with these Dartmouth hills,2024-06-03 09:34:00,11.46,4001.0,2.866,62.2,2.874,167.0,11.46,95.0
11569836197,activities/11569836197.gpx,Morning Run,2024-06-04 09:36:10,8.16,2824.0,2.893,46.2,2.908,95.0,8.16,96.0
11575328144,activities/11575328144.gpx,Some hurdles for the boys back home,2024-06-04 22:10:21,1.81,746.0,2.432,8.8,2.505,12.0,1.81,97.0
11578985342,activities/11578985342.gpx,Morning Miles,2024-06-05 11:27:35,4.86,1684.0,2.886,19.1,2.882,52.0,4.86,98.0
11583710808,activities/11583710808.gpx,Washed up Dartmouth Run club,2024-06-05 22:19:06,3.51,1173.0,2.996,21.6,2.83,32.0,3.51,99.0
11586747557,activities/11586747557.gpx,6 miles â€”> time for lift ğŸ’ª,2024-06-06 09:40:37,9.73,3421.0,2.845,38.3,2.849,93.0,9.73,100.0
11595146768,activities/11595146768.gpx,Morning Run,2024-06-07 11:46:27,4.45,1516.0,2.938,7.9,2.936,56.0,4.45,101.0
11602718079,activities/11602718079.gpx,Week 1 âœ…,2024-06-08 10:24:26,13.21,4523.0,2.921,73.7,2.929,158.0,13.21,103.0
11617977317,activities/11617977317.gpx,Week 2 letâ€™s get it,2024-06-10 09:39:34,11.27,3917.0,2.878,48.9,2.884,131.0,11.27,104.0
11625444756,activities/11625444756.gpx,Morning Run,2024-06-11 09:36:02,8.11,2862.0,2.834,45.2,2.846,85.0,8.11,96.0
11630614401,activities/11630614401.gpx,ğŸš§ HURDLE TUESDAY ğŸš§,2024-06-11 21:26:32,1.42,629.0,2.262,0.0,2.273,2.0,1.42,97.0
11633917733,activities/11633917733.gpx,Morning Run,2024-06-12 10:24:23,4.83,1664.0,2.905,28.0,2.912,50.0,4.83,105.0
11639016698,activities/11639016698.gpx,RUN CLUB TYPE SH*T,2024-06-12 22:29:20,3.3,1181.0,2.794,21.4,2.662,23.0,3.3,99.0
11641974320,activities/11641974320.gpx,Morning Run,2024-06-13 09:43:49,11.4,4059.0,2.809,80.5,2.81,98.0,11.4,106.0
11649307911,activities/11649307911.gpx,Morning Run,2024-06-14 09:33:26,8.14,2889.0,2.818,43.2,2.822,65.0,8.14,107.0
11657450018,activities/11657450018.gpx,Curious George song type vibe,2024-06-15 11:07:14,13.14,4709.0,2.792,74.8,2.799,161.0,13.14,103.0
11666735741,activities/11666735741.gpx,Week 2 for the books ğŸ“š,2024-06-16 14:34:58,3.27,1146.0,2.853,5.2,2.849,26.0,3.27,108.0
11671952768,activities/11671952768.gpx,Local Legend Spotted ğŸ¦„,2024-06-17 09:30:36,12.88,4499.0,2.863,70.5,2.867,117.0,12.88,109.0
11679788227,activities/11679788227.gpx,ğŸŒŠğŸŸğŸ™ğŸ¦€ğŸŒ…ğŸš¢,2024-06-18 09:30:32,9.66,3477.0,2.778,59.5,2.791,86.0,9.66,110.0
11688057644,activities/11688057644.gpx,Morning Run,2024-06-19 10:01:01,7.34,2586.0,2.841,30.8,2.85,65.0,7.34,84.0
11693256072,activities/11693256072.gpx,"Surprise, Supriseâ€¦",2024-06-19 22:29:32,2.27,747.0,3.039,11.8,2.744,10.0,2.27,111.0
11696380636,activities/11696380636.gpx,Update: Not loving this heat ğŸ”¥â˜„ï¸ğŸ¥µğŸ”¥,2024-06-20 09:37:36,12.91,4708.0,2.744,68.8,2.753,101.0,12.91,112.0
11703534189,activities/11703534189.gpx,Morning Run,2024-06-21 09:30:25,9.66,3494.0,2.765,45.5,2.779,72.0,9.66,113.0
11711893466,activities/11711893466.gpx,Morning Run,2024-06-22 11:36:08,14.48,5397.0,2.685,78.4,2.702,140.0,14.48,114.0
11719580401,activities/11719580401.gpx,ğŸ†Highest Mileage Week Ever ğŸ†,2024-06-23 11:56:46,3.32,1206.0,2.754,4.7,2.744,30.0,3.32,108.0
11726299179,activities/11726299179.gpx,Morning Run,2024-06-24 09:23:23,10.03,3653.0,2.747,48.0,2.751,86.0,10.03,115.0
11730775326,activities/11730775326.gpx,To finish off a light 8 mile day,2024-06-24 20:18:38,3.22,1169.0,2.755,0.0,,6.0,3.22,
11739669286,activities/11739669286.gpx,Hurdle Sesh,2024-06-25 21:55:35,0.85,329.0,2.595,0.0,2.447,0.0,0.85,97.0
11739669523,activities/11739669523.gpx,Morning Run,2024-06-25 09:22:10,9.66,3471.0,2.785,60.5,2.807,66.0,9.66,110.0
11742818599,activities/11742818599.gpx,I AM THE TEMPO GOD,2024-06-26 09:29:02,8.12,2676.0,3.037,30.8,3.04,86.0,8.12,116.0
11748000486,activities/11748000486.gpx,New Run Club Location Unlocked ğŸ”“,2024-06-26 22:34:15,3.23,1125.0,2.872,2.3,2.877,28.0,3.23,117.0
11751020015,activities/11751020015.gpx,Morning Run,2024-06-27 09:32:54,12.94,4719.0,2.742,72.4,2.76,91.0,12.94,118.0
11758477789,activities/11758477789.gpx,Morning Run,2024-06-28 09:28:22,10.22,3534.0,2.894,45.1,2.908,89.0,10.22,119.0
11767820977,activities/11767820977.gpx,Long run + strides,2024-06-29 12:38:32,16.24,5829.0,2.786,60.6,2.798,147.0,16.24,120.0
11775522263,activities/11775522263.gpx,A lil 50 mile week never hurt no one,2024-06-30 13:37:02,6.44,2220.0,2.904,18.2,2.904,56.0,6.44,121.0
11780857102,activities/11780857102.gpx,Morning Run,2024-07-01 09:27:03,9.7,3486.0,2.783,54.9,2.792,53.0,9.7,122.0
11785237028,activities/11785237028.gpx,Finishing off from earlier â€”â€”-> lift time ğŸ‹ï¸â€â™€ï¸,2024-07-01 20:41:54,1.62,555.0,2.918,0.0,,3.0,1.62,
11794057911,activities/11794057911.gpx,Nadia and Summer join the New Bedford Track Club!?!??,2024-07-02 21:25:02,8.04,2568.0,3.133,5.7,3.108,97.0,8.04,123.0
11797043635,activities/11797043635.gpx,Morning Run,2024-07-03 09:36:01,8.06,2772.0,2.909,30.0,2.919,62.0,8.06,124.0
11806380216,activities/11806380216.gpx,Good Morning America ğŸ‡ºğŸ‡¸ğŸ¦…,2024-07-04 12:23:42,9.68,3386.0,2.859,42.3,2.871,88.0,9.68,125.0
11813110973,activities/11813110973.gpx,Morning Run,2024-07-05 09:31:05,8.07,2970.0,2.717,58.3,2.736,67.0,8.07,126.0
11821168180,activities/11821168180.gpx,Did almost get hit by a car                        ğŸƒâ€â™€ï¸<â€”â€”- ğŸš—,2024-07-06 10:42:13,11.06,3972.0,2.785,67.8,2.798,115.0,11.06,127.0
11836204673,activities/11836204673.gpx,Humidity = not a vibe,2024-07-08 09:19:08,4.83,1816.0,2.662,25.9,2.7,26.0,4.83,128.0
11841229147,activities/11841229147.gpx,Afternoon Run,2024-07-08 20:53:40,8.06,2993.0,2.694,0.0,,48.0,8.06,
11849776345,activities/11849776345.gpx,Tempo miles at Track Club,2024-07-09 21:05:35,9.67,3197.0,3.025,8.2,2.98,125.0,9.67,129.0
11852814794,activities/11852814794.gpx,Morning Run,2024-07-10 09:29:11,8.16,2933.0,2.785,20.1,2.788,62.0,8.16,130.0
11857586297,activities/11857586297.gpx,Afternoon Run,2024-07-10 21:05:43,1.61,550.0,2.931,0.0,,3.0,1.61,
11860869117,activities/11860869117.gpx,Morning Run,2024-07-11 09:28:47,8.09,2818.0,2.871,49.6,2.885,65.0,8.09,131.0
11865634402,activities/11865634402.gpx,Afternoon Run,2024-07-11 20:47:22,4.85,1706.0,2.846,0.0,,17.0,4.85,
11868807539,activities/11868807539.gpx,Morning Run,2024-07-12 09:32:49,8.05,2758.0,2.92,20.9,2.922,72.0,8.05,132.0
11877416741,activities/11877416741.gpx,Lil long run progression for the boys back home,2024-07-13 11:07:22,14.49,5138.0,2.82,82.4,2.839,110.0,14.49,133.0
11884929977,activities/11884929977.gpx,Morning Run,2024-07-14 10:30:07,4.89,1706.0,2.868,6.5,2.868,40.0,4.89,134.0
11892361013,activities/11892361013.gpx,Morning Run,2024-07-15 09:25:59,8.06,2853.0,2.827,50.9,2.837,66.0,8.06,135.0
11896829065,activities/11896829065.gpx,Top off the day + strides,2024-07-15 20:12:21,4.83,1759.0,2.75,0.0,,15.0,4.83,
11905890837,activities/11905890837.gpx,Workouts with Team USA,2024-07-16 21:04:23,9.75,3099.0,3.148,6.9,3.152,104.0,9.75,136.0
11905998586,,Cooldown with track club ladies,2024-07-16 22:39:22,1.61,550.0,2.926,,,,1.61,
11909050890,activities/11909050890.gpx,Morning Run,2024-07-17 09:29:00,7.48,2702.0,2.768,30.7,2.782,41.0,7.48,84.0
11914120512,activities/11914120512.gpx,Afternoon Run,2024-07-17 20:30:44,2.43,920.0,2.641,0.0,,6.0,2.43,
11917679609,activities/11917679609.gpx,â˜”ï¸â˜”ï¸â˜”ï¸,2024-07-18 09:24:25,8.05,2945.0,2.735,45.5,2.75,37.0,8.05,137.0
11922686857,activities/11922686857.gpx,Me not having fun on the treadmill + strides,2024-07-18 20:51:07,4.83,1803.0,2.681,0.0,,8.0,4.83,
11926092687,activities/11926092687.gpx,Love when itâ€™s not aggressively humid â¤ï¸â¤ï¸,2024-07-19 09:27:51,9.75,3308.0,2.948,26.2,2.956,57.0,9.75,138.0
11935969900,activities/11935969900.gpx,Morning Run,2024-07-20 12:30:04,16.1,6036.0,2.667,46.8,2.669,94.0,16.1,139.0
11945008348,activities/11945008348.gpx,Morning Run,2024-07-21 14:29:12,8.06,2891.0,2.788,20.9,2.794,85.0,8.06,132.0
11950019527,activities/11950019527.gpx,This is going to ruin the tour,2024-07-22 09:27:00,0.85,340.0,2.505,6.4,2.522,1.0,0.85,140.0
11964353348,activities/11964353348.gpx,In my coaching era,2024-07-23 20:52:09,1.67,664.0,2.522,3.9,2.546,7.0,1.67,141.0
11967521743,activities/11967521743.gpx,Nice and Easy,2024-07-24 09:25:39,4.99,1967.0,2.54,12.2,2.55,17.0,4.99,142.0
12008626121,activities/12008626121.gpx,The bitch is back,2024-07-29 09:27:06,4.83,1820.0,2.658,12.2,2.664,26.0,4.83,143.0
12034183119,activities/12034183119.gpx,They tell me to lock inâ€¦,2024-08-01 09:33:06,4.89,1870.0,2.616,24.5,2.639,37.0,4.89,145.0
12042313245,activities/12042313245.gpx,Morning Run,2024-08-02 09:25:34,6.68,2450.0,2.729,32.0,2.744,54.0,6.68,146.0
12060914085,activities/12060914085.gpx,Back in the kitchen,2024-08-04 13:24:55,7.25,2405.0,3.018,26.6,3.033,105.0,7.25,147.0
12066937213,activities/12066937213.gpx,Morning Run,2024-08-05 09:23:29,8.09,2860.0,2.832,58.5,2.857,58.0,8.09,126.0
12111694396,activities/12111694396.gpx,Reading up on this come-up (thank you father),2024-08-10 13:43:37,5.02,1732.0,2.9,12.1,2.909,59.0,5.02,148.0
12119483182,activities/12119483182.gpx,Letâ€™s get it,2024-08-11 11:42:34,6.47,2161.0,2.998,29.5,3.014,73.0,6.47,149.0
12126518691,activities/12126518691.gpx,Morning Run,2024-08-12 09:24:12,6.71,2340.0,2.868,45.9,2.897,45.0,6.71,150.0
12131147906,activities/12131147906.gpx,Lil 2 miler to top off the day,2024-08-12 20:13:21,3.29,1163.0,2.833,9.5,2.839,18.0,3.29,80.0
12140600845,activities/12140600845.gpx,Some tempo for the comeback,2024-08-13 20:54:00,6.44,2065.0,3.12,8.0,3.122,81.0,6.44,151.0
12143979912,activities/12143979912.gpx,Nothing like a dark and spooky run to start the day,2024-08-14 09:22:34,6.6,2298.0,2.874,29.5,2.889,57.0,6.6,149.0
12157329747,activities/12157329747.gpx,Post work run,2024-08-15 19:39:20,8.06,2772.0,2.908,10.6,2.915,92.0,8.06,152.0
12160913675,activities/12160913675.gpx,Morning Run,2024-08-16 09:25:41,6.44,2276.0,2.831,29.5,2.842,63.0,6.44,153.0
12170655371,activities/12170655371.gpx,Longest run since the shin splint incident,2024-08-17 12:14:18,11.59,3860.0,3.004,54.0,3.015,115.0,11.59,154.0
12185648240,activities/12185648240.gpx,I despise the treadmill,2024-08-19 09:29:54,6.45,2369.0,2.724,0.0,,40.0,6.45,
12190522700,activities/12190522700.gpx,Afternoon Run,2024-08-19 20:02:30,6.45,2272.0,2.84,16.8,2.849,51.0,6.45,155.0
12194276799,activities/12194276799.gpx,Morning Run,2024-08-20 09:29:58,7.41,2584.0,2.869,30.7,2.883,65.0,7.41,84.0
12212010295,activities/12212010295.gpx,Morning Run,2024-08-22 09:26:10,6.19,2192.0,2.824,42.0,2.846,49.0,6.19,156.0
12224717158,activities/12224717158.gpx,ğŸš¨BREAKING NEWSğŸš¨,2024-08-23 20:11:29,4.92,1746.0,2.82,9.5,2.829,45.0,4.92,157.0
12251246911,activities/12251246911.gpx,Wentworth Women Assemble,2024-08-26 23:05:24,6.98,2522.0,2.77,25.6,2.778,112.0,6.98,158.0
12255794317,activities/12255794317.gpx,Back at the Rez,2024-08-27 12:27:30,10.24,3476.0,2.948,50.7,2.978,176.0,10.24,159.0
12264224488,activities/12264224488.gpx,Morning Run,2024-08-28 12:16:24,9.42,3545.0,2.659,18.5,2.664,125.0,9.42,160.0
12273212096,activities/12273212096.gpx,Hill Yeah!,2024-08-29 12:17:30,11.38,3726.0,3.055,134.1,3.106,165.0,11.38,161.0
12281148100,activities/12281148100.gpx,Morning Run,2024-08-30 12:14:19,6.77,2536.0,2.672,10.3,2.677,31.0,6.77,162.0
12289821745,activities/12289821745.gpx,Lil shakeout,2024-08-31 14:01:24,1.67,588.0,2.843,10.1,2.909,14.0,1.67,163.0
12290781191,,Season Opener 3k,2024-08-31 14:45:43,3.0,827.0,3.628,,,,3.0,
12290783843,activities/12290783843.gpx,Cool down,2024-08-31 15:25:56,1.45,603.0,2.418,2.7,2.432,15.0,1.45,164.0
12298287499,activities/12298287499.gpx,Back to Brookline,2024-09-01 12:38:54,6.73,2325.0,2.895,20.5,2.906,72.0,6.73,165.0
12305449277,activities/12305449277.gpx,Morning Run,2024-09-02 10:20:16,12.91,4370.0,2.955,74.4,2.982,176.0,12.91,10.0
12314055270,activities/12314055270.gpx,Morning Run,2024-09-03 10:15:43,11.81,4228.0,2.795,39.7,2.804,96.0,11.81,166.0
12323262938,activities/12323262938.gpx,Morning Run,2024-09-04 11:05:07,6.37,2242.0,2.842,23.8,2.852,60.0,6.37,167.0
12331903150,activities/12331903150.gpx,Looks like a good day for mile repeats,2024-09-05 10:18:09,12.74,4102.0,3.106,52.6,3.128,174.0,12.74,168.0
12339845780,activities/12339845780.gpx,Morning Run,2024-09-06 10:15:02,6.99,2533.0,2.763,17.7,2.774,57.0,6.99,169.0
12348494055,activities/12348494055.gpx,Morning Run,2024-09-07 10:29:12,13.12,4504.0,2.914,86.0,2.937,172.0,13.12,170.0
12358288680,activities/12358288680.gpx,Morning Run,2024-09-08 11:59:49,6.52,2269.0,2.877,8.8,2.881,54.0,6.52,171.0
12365745858,activities/12365745858.gpx,Monday morning grind,2024-09-09 10:18:43,13.72,4349.0,3.156,137.0,3.213,161.0,13.72,172.0
12373815047,activities/12373815047.gpx,Morning Run,2024-09-10 10:18:34,11.81,4152.0,2.844,80.5,2.87,95.0,11.81,173.0
12383097233,activities/12383097233.gpx,Morning Run,2024-09-11 10:19:13,15.29,4944.0,3.093,107.5,3.124,173.0,15.29,174.0
12391518888,activities/12391518888.gpx,Morning Run,2024-09-12 11:55:18,7.77,2729.0,2.847,14.6,2.853,69.0,7.77,175.0
12398969157,activities/12398969157.gpx,Morning Run,2024-09-13 10:16:43,7.65,2797.0,2.736,28.5,2.746,52.0,7.65,176.0
12407612753,activities/12407612753.gpx,Warm-up,2024-09-14 13:14:12,2.15,765.0,2.819,2.8,2.845,15.0,2.15,177.0
12408929449,,Pop Crowell 6k,2024-09-14 14:00:12,6.0,1599.0,3.752,,,,6.0,
12408932927,activities/12408932927.gpx,Cool Down,2024-09-14 15:18:07,1.55,653.0,2.38,0.0,2.386,14.0,1.55,178.0
12415747148,activities/12415747148.gpx,Two steps aheadâ€¦,2024-09-15 10:25:56,14.6,5131.0,2.846,85.7,2.866,117.0,14.6,179.0
12423894165,activities/12423894165.gpx,THEY CANT STOP ME,2024-09-16 10:18:01,15.62,5174.0,3.019,52.1,3.038,179.0,15.62,180.0
12432364686,activities/12432364686.gpx,Morning Run,2024-09-17 10:16:52,9.8,3299.0,2.97,23.8,2.981,70.0,9.8,11.0
12440983154,activities/12440983154.gpx,Morning Run,2024-09-18 10:54:48,10.37,3601.0,2.881,25.3,2.889,98.0,10.37,181.0
12449602842,activities/12449602842.gpx,Workout,2024-09-19 10:19:49,11.72,3982.0,2.945,87.7,2.98,137.0,11.72,10.0
12457523748,activities/12457523748.gpx,Morning Run,2024-09-20 10:15:47,6.66,2498.0,2.667,10.7,2.671,33.0,6.66,182.0
12466981876,activities/12466981876.gpx,THEY DONâ€™T KNOW ME,2024-09-21 12:01:09,16.29,5485.0,2.971,87.4,2.992,166.0,16.29,183.0
12478483727,activities/12478483727.gpx,Lunch Run,2024-09-22 16:28:09,9.39,3238.0,2.9,33.0,2.91,65.0,9.39,184.0
12482886887,activities/12482886887.gpx,Morning Run,2024-09-23 10:18:07,14.28,4498.0,3.176,52.6,3.198,172.0,14.28,185.0
12491312749,activities/12491312749.gpx,Morning Run,2024-09-24 10:17:14,10.26,3424.0,2.998,31.8,3.013,78.0,10.26,186.0
12500237924,activities/12500237924.gpx,Morning Run,2024-09-25 11:33:37,10.0,3430.0,2.917,77.8,2.946,95.0,10.0,187.0
12508024327,activities/12508024327.gpx,Morning Run,2024-09-26 10:18:04,13.14,4438.0,2.961,166.3,3.064,150.0,13.14,188.0
12515078844,activities/12515078844.gpx,Morning Run,2024-09-27 10:15:30,8.49,2982.0,2.847,26.8,2.861,68.0,8.49,189.0
12523185129,activities/12523185129.gpx,Morning Run,2024-09-28 10:32:16,17.81,6164.0,2.89,95.4,2.916,208.0,17.81,190.0
12532207068,activities/12532207068.gpx,Morning Run,2024-09-29 12:06:07,6.49,2307.0,2.817,15.2,2.828,58.0,6.49,191.0
12539276443,activities/12539276443.gpx,Workout,2024-09-30 10:17:38,14.4,4416.0,3.261,52.9,3.283,140.0,14.4,192.0
12547166713,activities/12547166713.gpx,Morning Run,2024-10-01 10:17:27,10.54,3770.0,2.796,51.8,2.812,52.0,10.54,193.0
12555680477,activities/12555680477.gpx,Morning Run,2024-10-02 10:19:40,10.77,3737.0,2.882,77.6,2.919,120.0,10.77,10.0
12564346591,activities/12564346591.gpx,Morning Run,2024-10-03 12:01:48,7.02,2497.0,2.812,11.0,2.816,55.0,7.02,194.0
12571423634,activities/12571423634.gpx,Morning Run,2024-10-04 10:16:47,7.41,2517.0,2.944,18.3,2.951,78.0,7.41,195.0
12581011523,activities/12581011523.gpx,Warm up,2024-10-05 14:15:57,2.14,709.0,3.028,0.0,3.017,25.0,2.14,196.0
12582820834,,Keene State Invitational,2024-10-05 15:00:17,5.0,1286.0,3.888,,,,5.0,
12582835155,,Cool Down,2024-10-05 16:00:00,1.61,600.0,2.682,,,,1.61,
12593354215,activities/12593354215.gpx,Why did it take 4 miles for my legs to warm up ğŸ¤¨,2024-10-06 18:57:39,13.85,4808.0,2.881,75.0,2.905,110.0,13.85,197.0
12596919021,activities/12596919021.gpx,Workout,2024-10-07 10:17:45,16.02,5361.0,2.989,52.4,3.008,199.0,16.02,198.0
12613602503,activities/12613602503.gpx,Back to it,2024-10-09 11:53:03,9.84,3394.0,2.899,31.6,2.913,91.0,9.84,199.0
12621109329,activities/12621109329.gpx,Shout out to BeyoncÃ©,2024-10-10 10:20:58,15.07,5139.0,2.934,110.2,2.966,181.0,15.07,200.0
12628171263,activities/12628171263.gpx,Morning Run,2024-10-11 10:17:14,7.19,2652.0,2.711,40.2,2.728,34.0,7.19,201.0
12636412277,activities/12636412277.gpx,I know a 10 mile run hate to see me coming,2024-10-12 10:26:06,16.11,5690.0,2.832,88.4,2.85,159.0,16.11,202.0
12645886573,activities/12645886573.gpx,Wakefield Tour,2024-10-13 12:48:08,7.88,2997.0,2.631,22.0,2.636,46.0,7.88,203.0
12656652063,activities/12656652063.gpx,"NEVER BACK DOWN, NEVER WHAT?",2024-10-14 20:19:25,14.17,4388.0,3.231,52.4,3.254,173.0,14.17,204.0
12660608445,activities/12660608445.gpx,Morning Run,2024-10-15 11:27:52,7.06,2438.0,2.896,10.5,2.902,55.0,7.06,205.0
12668910046,activities/12668910046.gpx,Workout,2024-10-16 10:19:35,10.62,3381.0,3.143,69.3,3.17,128.0,10.62,206.0
12676457575,activities/12676457575.gpx,Morning Run,2024-10-17 10:16:52,8.86,3119.0,2.842,23.1,2.849,62.0,8.86,207.0
12683928002,activities/12683928002.gpx,Morning Run,2024-10-18 10:18:03,5.45,1944.0,2.808,25.5,2.82,36.0,5.45,208.0
12692723640,activities/12692723640.gpx,Warm -up,2024-10-19 13:27:50,1.59,606.0,2.631,4.8,2.64,14.0,1.59,209.0
12694138213,,Golden Bear Invitational,2024-10-19 14:05:36,6.0,1562.0,3.841,,,,6.0,
12694311484,,Cool down,2024-10-19 15:27:00,1.61,600.0,2.682,,,,1.61,
12701284176,activities/12701284176.gpx,Morning Run,2024-10-20 11:43:17,16.83,5611.0,3.001,92.8,3.027,158.0,16.83,210.0
12707963213,activities/12707963213.gpx,Workout at my favorite place ğŸ˜œğŸ”«,2024-10-21 10:17:45,12.95,4215.0,3.074,52.3,3.094,135.0,12.95,211.0
12715910142,activities/12715910142.gpx,Morning Run,2024-10-22 10:18:19,6.78,2604.0,2.607,9.7,2.611,22.0,6.78,42.0
12725123117,activities/12725123117.gpx,Morning Run,2024-10-23 11:56:50,6.26,2138.0,2.929,23.9,2.94,52.0,6.26,167.0
12733246971,activities/12733246971.gpx,The grind doesnâ€™t stop in Chicago,2024-10-24 11:26:23,9.02,3263.0,2.766,21.4,2.791,77.0,9.02,212.0
12740812371,activities/12740812371.gpx,They donâ€™t call it the Windy City for nothingğŸ’¨ğŸ’¨,2024-10-25 11:37:46,8.05,2927.0,2.752,8.0,2.758,55.0,8.05,213.0
12749649444,activities/12749649444.gpx,Back in Boston,2024-10-26 13:15:31,12.89,4346.0,2.966,86.0,2.988,144.0,12.89,170.0
12772230166,activities/12772230166.gpx,Workout + an extra 9 hours,2024-10-28 10:19:40,13.3,38093.0,0.349,87.4,0.352,146.0,13.3,214.0
12772234333,activities/12772234333.gpx,Morning Run,2024-10-29 10:18:25,10.89,3817.0,2.854,78.6,2.878,70.0,10.89,215.0
12780599878,activities/12780599878.gpx,Workout,2024-10-30 10:20:02,9.73,3222.0,3.022,69.9,3.063,92.0,9.73,10.0
12788986050,activities/12788986050.gpx,Good Morning Boston!,2024-10-31 11:43:04,7.17,2538.0,2.828,12.1,2.832,54.0,7.17,216.0
12795704871,activities/12795704871.gpx,Morning Run,2024-11-01 10:16:55,5.58,2120.0,2.633,18.2,2.645,33.0,5.58,36.0
12816771453,activities/12816771453.gpx,Afternoon Run,2024-11-03 20:08:27,10.18,3561.0,2.86,51.7,2.877,76.0,10.18,217.0
12817361769,,Warm Up,2024-11-02 15:00:00,2.41,900.0,2.682,,,,2.41,
12817369199,,CNE Conference,2024-11-02 16:00:43,6.0,1554.0,3.861,,,,6.0,
12821032667,,Favorite workout at my least favorite place,2024-11-04 11:40:35,13.68,4500.0,3.04,,,,13.68,
12828003655,activities/12828003655.gpx,Morning Run,2024-11-05 11:17:58,7.88,2990.0,2.636,54.1,2.654,28.0,7.88,37.0
12844184128,activities/12844184128.gpx,Last Hard Sesh of the season,2024-11-07 11:23:18,10.96,3430.0,3.196,87.8,3.251,116.0,10.96,10.0
12851539395,activities/12851539395.gpx,Morning Run,2024-11-08 11:16:44,6.43,2432.0,2.644,8.5,2.649,20.0,6.43,218.0
12861161279,activities/12861161279.gpx,PRESSURE? WHAT PRESSURE?,2024-11-09 15:27:57,9.15,3029.0,3.021,35.5,3.037,88.0,9.15,219.0
12872265091,,Morning Run,2024-11-10 14:10:00,8.04,2700.0,2.98,,,,8.04,
12875510631,,"God hates you, youâ€™re trash",2024-11-11 12:46:07,11.58,4020.0,2.882,,,,11.58,
12882720278,activities/12882720278.gpx,Morning Run,2024-11-12 11:17:27,6.51,2401.0,2.712,21.2,2.725,30.0,6.51,220.0
12890862531,activities/12890862531.gpx,Hay is in the barn ğŸ·,2024-11-13 11:20:05,9.14,3063.0,2.985,68.5,3.024,76.0,9.14,10.0
12899159733,activities/12899159733.gpx,Morning Run,2024-11-14 13:20:06,6.89,2320.0,2.971,9.1,2.976,52.0,6.89,171.0
12908717938,activities/12908717938.gpx,PRE MEET,2024-11-15 19:36:10,4.44,1436.0,3.094,48.2,3.18,60.0,4.44,221.0
12917774862,,Warm up,2024-11-16 15:00:58,2.57,900.0,2.861,,,,2.57,
12917798265,,Regionals,2024-11-16 16:00:00,6.0,1573.0,3.814,,,,6.0,
12928660245,,Track time baby,2024-11-18 11:15:12,10.78,3685.0,2.926,,,,10.78,
12935962464,activities/12935962464.gpx,Morning Run,2024-11-19 11:20:10,10.66,3602.0,2.959,78.1,2.987,92.0,10.66,222.0
12943290452,activities/12943290452.gpx,BIRTHDAY MILES ğŸ‚,2024-11-20 11:09:42,7.86,2736.0,2.874,22.6,2.887,67.0,7.86,223.0
12951096967,activities/12951096967.gpx,Gettin that track work in,2024-11-21 11:19:55,10.86,3920.0,2.772,72.8,2.801,91.0,10.86,10.0
12957720575,activities/12957720575.gpx,Morning Run,2024-11-22 11:18:32,9.83,3333.0,2.95,34.9,2.964,85.0,9.83,186.0
12966660465,activities/12966660465.gpx,Morning Run,2024-11-23 15:39:44,13.11,4365.0,3.005,94.2,3.04,129.0,13.11,170.0
12973873727,activities/12973873727.gpx,Morning Run,2024-11-24 14:35:44,9.67,3220.0,3.003,29.2,3.016,76.0,9.67,224.0
12979233992,activities/12979233992.gpx,Early Christmas ğŸ„,2024-11-25 11:17:42,10.67,3129.0,3.41,74.8,3.455,114.0,10.67,225.0
12987367732,activities/12987367732.gpx,Morning Run,2024-11-26 12:54:00,10.74,3606.0,2.981,35.9,2.993,77.0,10.74,226.0
12995921191,activities/12995921191.gpx,Back in the oleâ€™ hood,2024-11-27 15:55:46,8.12,2649.0,3.068,21.1,3.075,84.0,8.12,132.0
13002164301,activities/13002164301.gpx,Reminiscing at the Dartmouth Track,2024-11-28 13:21:08,9.93,3308.0,3.003,64.6,3.034,106.0,9.93,227.0
13008948895,activities/13008948895.gpx,Morning Run,2024-11-29 13:05:27,10.5,3444.0,3.049,49.3,3.063,103.0,10.5,228.0
13016106515,activities/13016106515.gpx,Morning Run,2024-11-30 13:05:29,13.45,4345.0,3.096,78.7,3.112,128.0,13.45,229.0
13029984166,activities/13029984166.gpx,I â¤ï¸ Reggie,2024-12-02 11:34:08,9.32,3569.0,2.611,55.8,2.682,107.0,9.32,230.0
13037291197,activities/13037291197.gpx,Morning Run,2024-12-03 11:19:19,10.92,3756.0,2.909,78.6,2.935,85.0,10.92,231.0
13045723926,activities/13045723926.gpx,Morning Run,2024-12-04 14:24:18,8.39,2850.0,2.946,16.9,2.952,67.0,8.39,232.0
13051796207,activities/13051796207.gpx,lil pre meet workout,2024-12-05 11:28:54,4.82,1634.0,2.954,19.3,2.976,29.0,4.82,28.0
13058309991,activities/13058309991.gpx,Last practice with my lover Annie King,2024-12-06 11:16:09,5.66,2200.0,2.576,20.4,2.588,21.0,5.66,36.0
13067753365,activities/13067753365.gpx,Lil shakeout,2024-12-07 13:58:15,1.53,583.0,2.635,0.0,,16.0,1.53,
13067913530,activities/13067913530.gpx,Warm up,2024-12-07 20:43:49,2.29,769.0,2.978,6.9,2.987,32.0,2.29,233.0
13068351004,,Early Bird Invite at New Balance 5k,2024-12-07 21:38:44,5.0,1279.0,3.909,,,,5.0,
13102987895,activities/13102987895.gpx,Day 1,2024-12-12 21:32:52,3.19,1201.0,2.658,0.0,,24.0,3.19,
13114413290,activities/13114413290.gpx,Morning Run,2024-12-13 12:20:29,5.94,1928.0,3.083,28.9,3.097,79.0,5.94,234.0
13114413531,activities/13114413531.gpx,Morning Run,2024-12-14 14:16:21,7.71,2415.0,3.193,30.8,3.205,94.0,7.71,84.0
13121578848,activities/13121578848.gpx,Morning Run,2024-12-15 13:44:59,8.81,2803.0,3.145,59.6,3.167,128.0,8.81,235.0
13127878247,activities/13127878247.gpx,Morning Run,2024-12-16 13:57:52,8.83,2938.0,3.006,55.4,3.026,117.0,8.83,236.0
13134520106,activities/13134520106.gpx,Morning Run,2024-12-17 12:14:50,10.51,3522.0,2.986,49.4,2.999,137.0,10.51,228.0
13141508462,activities/13141508462.gpx,Morning Run,2024-12-18 11:42:31,7.62,2562.0,2.975,30.8,2.987,73.0,7.62,84.0
13148449858,activities/13148449858.gpx,Cool down,2024-12-19 12:52:43,2.06,692.0,2.979,0.0,2.975,15.0,2.06,237.0
13148449890,activities/13148449890.gpx,First workout back,2024-12-19 12:13:55,7.39,2191.0,3.375,22.5,3.381,111.0,7.39,238.0
13148449891,activities/13148449891.gpx,Warm up,2024-12-19 11:52:05,3.5,1201.0,2.917,11.7,2.927,33.0,3.5,239.0
13154306371,activities/13154306371.gpx,Never running in the dark ever again ğŸ¤ª,2024-12-20 10:28:54,10.53,3707.0,2.842,49.4,2.859,95.0,10.53,228.0
13162001487,activities/13162001487.gpx,Morning Run,2024-12-21 13:24:14,15.06,5078.0,2.966,83.7,2.983,172.0,15.06,240.0
13169082654,activities/13169082654.gpx,Took her to the hood,2024-12-22 14:33:52,7.69,2932.0,2.624,43.1,2.63,56.0,7.69,241.0
13175338090,activities/13175338090.gpx,Cooldown,2024-12-23 15:45:26,2.46,887.0,2.773,15.7,2.791,22.0,2.46,242.0
13175338100,activities/13175338100.gpx,THE COLD CANT STOP US,2024-12-23 14:16:20,12.14,4129.0,2.941,26.3,2.949,156.0,12.14,243.0
13182556112,activities/13182556112.gpx,Ran through the blizzard of â€˜24,2024-12-24 14:52:53,10.55,3535.0,2.986,49.3,2.999,108.0,10.55,228.0
13187833353,activities/14064062868.fit.gz,"New watch, who dis?",2024-12-25 13:46:54,7.68,2520.0,3.05,35.0,3.111,85.0,7.68,
13194160648,activities/14070892648.fit.gz,Workout,2024-12-26 13:40:34,12.64,3907.0,3.237,32.0,3.282,160.0,12.64,
13200853651,activities/14078086840.fit.gz,Morning Run,2024-12-27 12:47:02,10.6,3556.0,2.982,49.0,3.033,105.0,10.6,
13208845699,activities/14086671653.fit.gz,Me ğŸ¤ a 10 mile run,2024-12-28 13:15:51,16.17,5759.0,2.809,94.0,2.868,143.0,16.17,
13217014846,activities/14095486246.fit.gz,50 Mile week baby!,2024-12-29 14:29:58,8.37,2768.0,3.025,62.0,3.09,73.0,8.37,
13224070252,,DONT USE THE YMCA INDOOR TRACK ğŸš¨,2024-12-30 14:00:49,12.07,3900.0,3.095,,,,12.07,
13232301755,activities/14112038212.fit.gz,New shoes dafuq,2024-12-31 14:21:35,10.66,3504.0,3.042,46.0,3.092,113.0,10.66,
13239876083,activities/14120341319.fit.gz,Morning Run,2025-01-01 15:44:36,8.69,2886.0,3.011,35.0,3.063,102.0,8.69,
13247095927,activities/14128157413.fit.gz,Beat by the wind ğŸŒ¬ï¸ğŸ¥Š,2025-01-02 14:08:26,13.03,4108.0,3.174,88.0,3.258,162.0,13.03,
13257532360,activities/14139373636.fit.gz,Afternoon Run,2025-01-03 18:06:30,10.54,3389.0,3.112,53.0,3.183,98.0,10.54,
13266246882,activities/14148705281.fit.gz,Sick of this wind ğŸ¤¢,2025-01-04 16:11:24,16.1,5365.0,3.001,120.0,3.096,177.0,16.1,
13274052341,activities/14157143212.fit.gz,Morning Run,2025-01-05 15:05:21,9.64,3123.0,3.088,63.0,3.183,99.0,9.64,
13282569604,activities/14166366343.fit.gz,HELLO BOSTON,2025-01-06 15:48:35,11.63,3657.0,3.182,84.0,3.281,83.0,11.63,
13295046479,activities/14179699647.fit.gz,Morning Run,2025-01-07 12:36:28,12.05,3990.0,3.021,84.0,3.124,93.0,12.05,
13298168390,activities/14183084529.fit.gz,BACK WIT EMMA,2025-01-08 11:38:29,7.52,2645.0,2.844,36.0,2.912,72.0,7.52,
13309997755,activities/14195719450.fit.gz,I MISSED REGGIE,2025-01-09 11:57:48,4.47,1072.0,4.178,0.0,,44.0,4.47,
13309997778,activities/14195719401.fit.gz,Cool down,2025-01-09 12:57:54,1.37,497.0,2.771,11.0,2.837,12.0,1.37,
13309997790,activities/14195719403.fit.gz,Warm up,2025-01-09 11:34:45,2.39,830.0,2.878,21.0,2.988,26.0,2.39,
13315905329,activities/14202059110.fit.gz,Back to being a lone wolf ğŸº,2025-01-10 11:33:37,12.63,4269.0,2.959,62.0,3.022,113.0,12.63,
13326416190,activities/14213318134.fit.gz,SHE CANâ€™T BE STOPPED ğŸ˜±,2025-01-11 13:46:05,19.32,6599.0,2.928,87.0,2.997,181.0,19.32,
13337389869,activities/14225126170.fit.gz,Lunch Run,2025-01-12 16:57:03,10.15,3373.0,3.011,30.0,3.069,78.0,10.15,
13343167018,activities/14231398701.fit.gz,The first time Iâ€™ve ever enjoyed k repeats,2025-01-13 12:01:38,6.16,1668.0,3.698,0.0,,77.0,6.16,
13343167049,activities/14231398720.fit.gz,Warm up,2025-01-13 11:33:56,3.3,1175.0,2.808,21.0,2.885,33.0,3.3,
13343167143,activities/14231398781.fit.gz,Cool down,2025-01-13 12:52:36,1.77,652.0,2.719,11.0,2.776,18.0,1.77,
13352459938,activities/14241336509.fit.gz,Morning Run,2025-01-14 12:35:32,11.56,3862.0,2.993,44.0,3.07,95.0,11.56,
13360898703,activities/14250376177.fit.gz,Grind in silence ğŸ¤«,2025-01-15 11:30:47,8.41,2828.0,2.976,27.0,3.034,59.0,8.41,
13370269516,activities/14260422432.fit.gz,Warm up,2025-01-16 11:33:49,3.31,1145.0,2.891,26.0,2.963,31.0,3.31,
13370269517,activities/14260422428.fit.gz,Workout,2025-01-16 11:58:51,1.0,658.0,1.526,0.0,1.544,18.0,1.0,
13370269636,activities/14260422539.fit.gz,Cool down,2025-01-16 12:43:23,1.78,637.0,2.799,13.0,2.876,13.0,1.78,
13378268406,activities/14269013304.fit.gz,Morning Run,2025-01-17 11:31:52,8.06,2888.0,2.792,18.0,2.833,48.0,8.06,
13391506241,activities/14283331539.fit.gz,Cool down pt 2,2025-01-18 21:28:05,2.12,800.0,2.65,18.0,2.743,26.0,2.12,
13391506705,activities/14283331993.fit.gz,Warm up pt 2,2025-01-18 19:17:48,1.8,595.0,3.034,15.0,3.123,25.0,1.8,
13391506706,activities/14283331994.fit.gz,Cool down part 1,2025-01-18 18:23:25,1.88,639.0,2.951,15.0,3.032,21.0,1.88,
13391506790,activities/14283331996.fit.gz,Warm up pt 1,2025-01-18 16:35:56,3.59,1205.0,2.978,28.0,3.06,38.0,3.59,
13391529953,,Mile - Reggie Invitational,2025-01-18 17:30:43,1.61,370.0,4.35,,,,1.61,
13391539931,,3k - Reggie Invitational,2025-01-18 20:05:09,3.0,762.0,3.937,,,,3.0,
13398261190,activities/14290624140.fit.gz,Morning Run,2025-01-19 14:21:42,10.66,3611.0,2.953,26.0,3.021,97.0,10.66,
13408558778,activities/14301832623.fit.gz,Incredible. Show Stopping,2025-01-20 19:13:07,13.94,4334.0,3.217,77.0,3.285,126.0,13.94,
13417647204,activities/14311609218.fit.gz,Afternoon Run,2025-01-21 19:37:06,12.09,4098.0,2.951,85.0,3.047,104.0,12.09,
13422736106,activities/14317105207.fit.gz,7 miles in the Reggie Lewis Center,2025-01-22 11:49:27,11.28,3614.0,3.123,0.0,,110.0,11.28,
13434219932,activities/14329520307.fit.gz,Warm up,2025-01-23 11:33:27,3.28,1140.0,2.883,23.0,2.957,27.0,3.28,
13434220070,activities/14329520314.fit.gz,Cool down,2025-01-23 12:50:57,4.03,1352.0,2.984,11.0,3.037,41.0,4.03,
13434220535,activities/14329520864.fit.gz,Workout,2025-01-23 12:01:46,4.02,864.0,4.662,0.0,,32.0,4.02,
13439216518,activities/14334937869.fit.gz,Morning Run,2025-01-24 11:31:01,8.12,2825.0,2.877,20.0,2.911,60.0,8.12,
13451679369,activities/14348482845.fit.gz,Extra long warm up,2025-01-25 19:06:36,6.22,1999.0,3.112,29.0,3.158,84.0,6.22,
13451862123,,Wheaton Invitational - 5k,2025-01-25 20:00:45,5.0,1278.0,3.912,,,,5.0,
13451966670,,Cool down in Wheaton with Joey Cheese,2025-01-25 20:30:00,3.21,1065.0,3.022,,,,3.21,
13458384322,activities/14355810972.fit.gz,Morning Run,2025-01-26 13:53:33,9.71,3171.0,3.063,31.0,3.136,98.0,9.71,
13465433435,activities/14363580567.fit.gz,Morning Run,2025-01-27 12:54:40,3.22,1104.0,2.921,10.0,2.966,29.0,3.22,
13465433436,activities/14363580590.fit.gz,Morning Run,2025-01-27 11:31:30,3.28,1151.0,2.851,23.0,2.922,18.0,3.28,
13465456988,,Workout,2025-01-27 12:24:00,6.76,1740.0,3.885,,,,6.76,
13474179735,activities/14373089366.fit.gz,Morning Run,2025-01-28 11:49:14,12.87,4281.0,3.008,66.0,3.07,90.0,12.87,
13483516124,activities/14383207147.fit.gz,Slip and slide,2025-01-29 11:39:35,13.02,4620.0,2.818,90.0,2.892,85.0,13.02,
13492631119,activities/14393120043.fit.gz,Warm up,2025-01-30 11:32:24,3.32,1104.0,3.007,24.0,3.082,27.0,3.32,
13492645285,,Workout,2025-01-30 12:51:59,2.09,495.0,4.227,,,,2.09,
13492650776,,Cool down,2025-01-30 13:00:00,4.02,1320.0,3.048,,,,4.02,
13500588234,activities/14401781506.fit.gz,Morning Run,2025-01-31 11:31:25,8.08,2789.0,2.899,20.0,2.947,49.0,8.08,
13512394334,activities/14414617875.fit.gz,Warm up,2025-02-01 16:13:04,3.25,1111.0,2.925,14.0,2.986,27.0,3.25,
13512409832,,Hampton Invitational,2025-02-01 17:10:23,1.61,364.0,4.421,,,,1.61,
13512980290,activities/14415264562.fit.gz,Cool down,2025-02-01 18:07:49,6.73,2297.0,2.931,55.0,3.022,61.0,6.73,
13513280911,,Warm-up + Cool Down for 4x4,2025-02-01 19:58:55,4.02,1305.0,3.083,,,,4.02,
13522582774,activities/14425812486.fit.gz,Felt Great ğŸ«¨,2025-02-02 18:04:22,8.34,2676.0,3.118,15.0,3.171,49.0,8.34,
13527801619,activities/14431619293.fit.gz,Married to the game ğŸ’,2025-02-03 11:57:58,7.24,1975.0,3.669,0.0,,88.0,7.24,
13527821794,,Warm up,2025-02-03 11:38:00,3.54,1140.0,3.106,,,,3.54,
13527828168,,Cool down,2025-02-03 13:11:00,3.21,1080.0,2.98,,,,3.21,
13542503754,activities/14447597066.fit.gz,Afternoon Run,2025-02-04 19:15:56,10.67,3498.0,3.051,92.0,3.163,90.0,10.67,
13546148517,activities/14451623994.fit.gz,Morning Run,2025-02-05 11:31:25,12.88,4280.0,3.009,68.0,3.068,119.0,12.88,
13555720260,activities/14462076882.fit.gz,Cool down,2025-02-06 13:01:51,2.41,812.0,2.977,11.0,3.048,20.0,2.41,
13555720686,activities/14462076761.fit.gz,Didnâ€™t come this far just to come this far,2025-02-06 11:59:19,3.8,833.0,4.565,0.0,,38.0,3.8,
13555720705,activities/14462076875.fit.gz,Warm up,2025-02-06 11:32:39,3.27,1092.0,2.999,27.0,3.083,31.0,3.27,
13563619847,activities/14470740733.fit.gz,Morning Run,2025-02-07 11:31:42,8.11,2822.0,2.875,15.0,2.922,52.0,8.11,
13574299064,activities/14482443192.fit.gz,"When they call you crazy, thatâ€™s how you know youâ€™re doing it right ğŸ¤·â€â™‚ï¸",2025-02-08 14:00:27,21.09,6942.0,3.038,86.0,3.101,183.0,21.09,
13583162405,activities/14492153843.fit.gz,Yâ€™all couldnâ€™t even spell locked in,2025-02-09 13:42:52,4.35,1762.0,2.469,13.0,2.511,12.0,4.35,
13590307942,activities/14500095612.fit.gz,Workout,2025-02-10 11:57:00,9.34,2148.0,4.348,0.0,,93.0,9.34,
13590308641,activities/14500095680.fit.gz,Warm up,2025-02-10 11:31:23,3.28,1126.0,2.914,23.0,2.986,23.0,3.28,
13590308820,activities/14500095803.fit.gz,Cool down,2025-02-10 12:58:44,2.42,896.0,2.704,12.0,2.748,20.0,2.42,
13599348477,activities/14509968873.fit.gz,Morning Run,2025-02-11 12:33:29,12.87,4245.0,3.034,69.0,3.097,95.0,12.87,
13607985658,activities/14519351380.fit.gz,Morning Run,2025-02-12 11:29:15,11.48,3985.0,2.881,62.0,2.949,65.0,11.48,
13616871096,activities/14529037133.fit.gz,One day Iâ€™ll learn how to pace,2025-02-13 11:59:14,4.99,1106.0,4.515,0.0,,35.0,4.99,
13616871116,activities/14529037135.fit.gz,Warm up,2025-02-13 11:33:22,3.01,1170.0,2.575,6.0,2.619,26.0,3.01,
13616872435,activities/14529038608.fit.gz,Cool down,2025-02-13 12:52:00,1.8,685.0,2.631,11.0,2.693,19.0,1.8,
13624519461,activities/14537401092.fit.gz,Morning Run,2025-02-14 11:32:08,8.18,2733.0,2.994,17.0,3.031,57.0,8.18,
13635936307,activities/14549925202.fit.gz,The work gets done,2025-02-15 17:21:02,8.05,2601.0,3.096,57.0,3.178,59.0,8.05,
13644994622,activities/14559864291.fit.gz,Fuck the treadmill,2025-02-16 15:13:05,15.37,5509.0,2.79,123.0,2.891,144.0,15.37,
13656408284,activities/14572399212.fit.gz,More ice skating than running,2025-02-17 11:38:27,8.68,3011.0,2.882,42.0,2.951,44.0,8.68,
13660001797,activities/14576363767.fit.gz,Morning Run,2025-02-18 12:00:40,12.88,4343.0,2.966,76.0,3.045,106.0,12.88,
13669158961,activities/14586335780.fit.gz,Morning Run,2025-02-19 11:32:20,12.87,4505.0,2.859,33.0,2.91,78.0,12.87,
13678290011,activities/14596312187.fit.gz,Love free shoes ğŸ‘Ÿ,2025-02-20 11:58:48,2.05,470.0,4.37,0.0,,11.0,2.05,
13678290042,activities/14596312144.fit.gz,Warm up,2025-02-20 11:32:48,3.3,1089.0,3.033,26.0,3.117,30.0,3.3,
13678313436,,Cool down,2025-02-20 12:47:00,4.02,1330.0,3.025,,,,4.02,
13686406428,activities/14605196823.fit.gz,Totally thought this loop was 6 miles,2025-02-21 11:29:13,10.98,3770.0,2.912,85.0,2.994,84.0,10.98,
13695208186,activities/14614813275.fit.gz,Lil shakeout with Emma,2025-02-22 12:29:00,4.83,1835.0,2.635,19.0,2.691,16.0,4.83,
13700639400,,Warm up,2025-02-22 23:06:55,4.02,1380.0,2.915,,,,4.02,
13700644168,,Last official indoor meet,2025-02-23 00:08:00,3.0,735.0,4.082,,,,3.0,
13700646570,,Cool down,2025-02-23 01:09:00,3.21,1080.0,2.98,,,,3.21,
13709297506,activities/14630148427.fit.gz,"If you gonna piss like a puppy, stay on the porch ğŸ¾ğŸ¦´",2025-02-23 20:26:04,10.78,3559.0,3.031,77.0,3.126,62.0,10.78,
13719004312,activities/14640718094.fit.gz,Cool down,2025-02-24 12:55:25,1.8,659.0,2.742,10.0,2.805,14.0,1.8,
13719004315,activities/14640718124.fit.gz,Bad,2025-02-24 11:56:26,9.91,2224.0,4.456,0.0,,96.0,9.91,
13719004350,activities/14640718142.fit.gz,Warm up,2025-02-24 11:30:07,3.29,1103.0,2.989,22.0,3.066,26.0,3.29,
13722969399,activities/14645059861.fit.gz,Good,2025-02-25 12:27:09,12.87,4228.0,3.046,51.0,3.109,98.0,12.87,
13732106733,activities/14654943561.fit.gz,With the Ladies,2025-02-26 11:55:40,1.98,455.0,4.369,0.0,,12.0,1.98,
13732108717,activities/14654945743.fit.gz,Cooldown,2025-02-26 12:45:06,1.79,647.0,2.779,12.0,2.835,11.0,1.79,
13732108733,activities/14654945731.fit.gz,Warm up,2025-02-26 11:30:38,3.28,1103.0,2.98,23.0,3.045,26.0,3.28,
13741172302,activities/14664783324.fit.gz,Morning Run,2025-02-27 11:32:09,8.15,2755.0,2.958,22.0,3.008,53.0,8.15,
13752139644,activities/14676686556.fit.gz,Pre meet shakeout with Emma,2025-02-28 17:28:00,2.24,778.0,2.882,8.0,2.949,13.0,2.24,
13754722467,,Warm up,2025-02-28 22:34:00,2.58,900.0,2.869,,,,2.58,
13754731318,,Ladies DMR,2025-02-28 23:46:00,1.2,259.0,4.633,,,,1.2,
13754733918,,Cool down,2025-03-01 00:38:07,1.77,600.0,2.95,,,,1.77,
13770109665,activities/14696249436.fit.gz,Down week incoming + new shoes,2025-03-02 15:13:32,5.58,1802.0,3.099,31.0,3.165,58.0,5.58,
13779757449,activities/14706792951.fit.gz,New shoes had me flying âœˆï¸,2025-03-03 17:52:25,7.67,2352.0,3.262,36.0,3.319,64.0,7.67,
13786782954,activities/14714395074.fit.gz,Morning Run,2025-03-04 13:27:52,10.48,3374.0,3.106,44.0,3.172,105.0,10.48,
13796274682,activities/14724640479.fit.gz,Morning Run,2025-03-05 13:33:37,9.16,3026.0,3.028,67.0,3.113,77.0,9.16,
13805506120,activities/14734633419.fit.gz,Hills af,2025-03-06 13:13:13,11.89,3781.0,3.147,87.0,3.222,112.0,11.89,
13832309786,activities/14763724965.fit.gz,In the Norwalk hood wit CHLOEEEE,2025-03-09 11:01:12,6.77,2570.0,2.637,50.0,2.704,33.0,6.77,
13841692000,activities/14773977692.fit.gz,"Catch me outside, how bout dat",2025-03-10 10:17:03,13.49,3897.0,3.464,29.0,3.507,128.0,13.49,
13851416768,activities/14784485768.fit.gz,Morning Run,2025-03-11 11:29:26,7.87,2535.0,3.105,16.0,3.154,47.0,7.87,
13860770207,activities/14794568131.fit.gz,Morning Run,2025-03-12 10:15:31,10.87,3758.0,2.894,75.0,2.963,85.0,10.87,
13870043531,activities/14804606113.fit.gz,Putting in Gods work,2025-03-13 10:14:37,13.3,3947.0,3.371,34.0,3.421,164.0,13.3,
13889434210,activities/14824878852.fit.gz,Morning Run,2025-03-14 10:15:47,5.39,1887.0,2.861,15.0,2.9,54.0,5.39,
13889436828,activities/14824881673.fit.gz,Pre Race ğŸ˜ˆ,2025-03-15 13:37:28,4.72,1556.0,3.035,27.0,3.093,34.0,4.72,
13901319843,activities/14837788230.fit.gz,New Bedford Half Marathon,2025-03-16 14:59:51,21.13,6718.0,3.146,144.0,3.228,260.0,21.13,
13906945493,activities/14843982175.fit.gz,Warm up,2025-03-17 10:17:15,2.76,994.0,2.779,20.0,2.887,20.0,2.76,
13906945503,activities/14843982145.fit.gz,Cooldown,2025-03-17 11:29:53,2.79,1005.0,2.777,8.0,2.795,21.0,2.79,
13906947140,activities/14843983949.fit.gz,"Never sore, never tired",2025-03-17 10:39:16,5.77,1365.0,4.228,0.0,4.271,65.0,5.77,
13906964289,,Missing 800 #3,2025-03-17 10:42:00,0.8,195.0,4.127,,,,0.8,
13915731730,activities/14853487166.fit.gz,Morning Run,2025-03-18 11:13:15,10.31,3363.0,3.068,57.0,3.147,70.0,10.31,
13925183902,activities/14863699868.fit.gz,Morning Run,2025-03-19 10:15:32,10.9,3758.0,2.9,31.0,2.943,65.0,10.9,
13935140844,activities/14874479948.fit.gz,Aerobic monster ğŸ§Œ,2025-03-20 10:15:34,14.36,4171.0,3.443,34.0,3.493,152.0,14.36,
13950105097,activities/14890603435.fit.gz,Morning Run,2025-03-21 10:16:36,8.11,2828.0,2.871,18.0,2.918,55.0,8.11,
13956447010,activities/14897428949.fit.gz,"How you hatin from outside the club, you canâ€™t even get in",2025-03-22 14:57:28,17.7,5804.0,3.051,105.0,3.144,208.0,17.7,
13968020683,activities/14909868832.fit.gz,Afternoon Run,2025-03-23 19:30:17,7.0,2215.0,3.16,30.0,3.214,61.0,7.0,
13972113658,activities/14914334373.fit.gz,Taking no prisoners,2025-03-24 10:37:28,5.8,1357.0,4.276,0.0,4.317,56.0,5.8,
13972115493,activities/14914336348.fit.gz,Cool down,2025-03-24 11:29:56,2.76,947.0,2.92,9.0,2.975,21.0,2.76,
13972115496,activities/14914336383.fit.gz,Warm up,2025-03-24 10:14:57,2.75,951.0,2.896,20.0,2.995,24.0,2.75,
13981489032,activities/14924357973.fit.gz,Morning Run,2025-03-25 10:31:02,12.69,4093.0,3.101,54.0,3.159,96.0,12.69,
13991826552,activities/14935382358.fit.gz,"Even on my worst day, they still couldnâ€™t beat me",2025-03-26 10:14:54,9.73,3373.0,2.885,24.0,2.92,55.0,9.73,
14001017029,activities/14945230296.fit.gz,Locked in,2025-03-27 10:15:03,11.71,3681.0,3.181,52.0,3.247,111.0,11.71,
14009926097,activities/14954805353.fit.gz,Morning Run,2025-03-28 10:12:59,8.05,2739.0,2.939,20.0,2.987,64.0,8.05,
14024151376,,Tufts Snowflake Invitational,2025-03-29 20:00:14,5.0,1252.0,3.994,,,,5.0,
14024158324,activities/14970136373.fit.gz,Shakeout,2025-03-29 15:30:29,1.61,571.0,2.824,6.0,2.877,7.0,1.61,
14024158782,activities/14970136887.fit.gz,Cool down - High on life,2025-03-29 20:05:51,2.72,906.0,3.01,20.0,3.115,23.0,2.72,
14024158799,activities/14970136883.fit.gz,Warm up,2025-03-29 18:43:00,3.24,1095.0,2.964,25.0,3.035,32.0,3.24,
14030673080,activities/14977168405.fit.gz,Must be a bad week to be one of my haters,2025-03-30 13:35:51,6.57,2483.0,2.646,39.0,2.714,19.0,6.57,
14037938448,activities/14985030663.fit.gz,Cool down,2025-03-31 11:45:55,3.23,1135.0,2.848,7.0,2.892,21.0,3.23,
14037938464,activities/14985030633.fit.gz,Warm up,2025-03-31 10:18:05,3.53,1190.0,2.97,11.0,3.01,27.0,3.53,
14037939733,activities/14985031999.fit.gz,"Live, laugh, love MIT track",2025-03-31 10:42:42,9.13,2329.0,3.923,0.0,3.948,84.0,9.13,
14047704112,activities/14995454907.fit.gz,Morning Run,2025-04-01 10:49:40,12.87,4147.0,3.106,73.0,3.175,101.0,12.87,
14057416664,activities/15005763278.fit.gz,Morning Run,2025-04-02 10:13:18,10.89,3674.0,2.964,81.0,3.04,83.0,10.89,
14067318875,activities/15016204834.fit.gz,"Anotha day, anotha dolla",2025-04-03 10:14:25,11.51,3692.0,3.118,20.0,3.159,101.0,11.51,
14076775732,activities/15026144190.fit.gz,Morning Run,2025-04-04 10:16:34,8.05,2718.0,2.962,14.0,3.006,56.0,8.05,
14091193563,activities/15041321843.fit.gz,Post race hills,2025-04-05 16:16:09,2.5,904.0,2.767,86.0,3.135,22.0,2.5,
14091193572,activities/15041321826.fit.gz,Warm up,2025-04-05 14:39:23,3.22,1094.0,2.942,11.0,2.985,23.0,3.22,
14091193578,activities/15041321845.fit.gz,Cool down,2025-04-05 16:40:14,5.13,1760.0,2.915,33.0,2.992,48.0,5.13,
14091205748,,Current mood: Missing the 5k,2025-04-05 15:45:51,1.5,329.0,4.559,,,,1.5,
14097727398,activities/15048178619.fit.gz,"You keep talking smack, AND ILL KEEP WORKING",2025-04-06 12:30:09,9.82,3188.0,3.083,37.0,3.138,78.0,9.82,
14106314016,activities/15057212648.fit.gz,Warm up,2025-04-07 10:15:43,3.48,1174.0,2.966,9.0,3.003,21.0,3.48,
14106314029,activities/15057212616.fit.gz,Working it,2025-04-07 10:44:40,6.57,1600.0,4.108,2.0,4.134,56.0,6.57,
14106314113,activities/15057212753.fit.gz,Cool down,2025-04-07 11:31:53,3.26,1185.0,2.757,6.0,2.786,17.0,3.26,
14116088679,activities/15067348769.fit.gz,"Please sir, one run without rain",2025-04-08 11:38:28,10.44,3332.0,3.134,44.0,3.189,76.0,10.44,
14125687133,activities/15077332500.fit.gz,Morning Run,2025-04-09 10:15:15,10.89,3575.0,3.048,89.0,3.129,82.0,10.89,
14135635898,activities/15087688998.fit.gz,These kids have no whimsy ğŸ¤¡,2025-04-10 10:14:18,10.3,3156.0,3.263,12.0,3.293,76.0,10.3,
14145001211,activities/15097461914.fit.gz,Morning Run,2025-04-11 10:51:26,7.81,2511.0,3.112,18.0,3.159,68.0,7.81,
14160585123,activities/15113823649.fit.gz,Shakeout,2025-04-12 13:48:49,1.64,588.0,2.796,22.0,2.96,8.0,1.64,
14160585128,activities/15113823628.fit.gz,Warm up,2025-04-12 18:59:55,3.12,1095.0,2.857,43.0,3.016,24.0,3.12,
14160593394,,Conn College - 5k,2025-04-12 20:05:04,5.0,1260.0,3.968,,,,5.0,
14169973665,activities/15123665490.fit.gz,Crash out,2025-04-13 21:21:12,6.55,1900.0,3.448,25.0,3.506,64.0,6.55,
14174428244,activities/15128350980.fit.gz,Cool down,2025-04-14 11:10:57,3.23,1029.0,3.145,8.0,3.195,26.0,3.23,
14174428249,activities/15128351022.fit.gz,Good vibes all around,2025-04-14 10:39:03,4.95,1244.0,3.982,2.0,4.002,54.0,4.95,
14174428253,activities/15128350984.fit.gz,Warm up,2025-04-14 10:14:25,3.53,1190.0,2.966,12.0,3.011,30.0,3.53,
14184872334,activities/15139231317.fit.gz,Morning Run,2025-04-15 11:34:21,10.48,3355.0,3.126,51.0,3.191,74.0,10.48,
14202868558,activities/15157941828.fit.gz,Morning Run,2025-04-16 12:12:15,10.85,3622.0,2.996,60.0,3.085,63.0,10.85,
14202868573,activities/15157941824.fit.gz,No fun,2025-04-17 10:16:24,16.18,4911.0,3.294,44.0,3.337,156.0,16.18,
14218122005,activities/15173885178.fit.gz,my ğŸ¤© legs ğŸ¤ª hurt ğŸ˜Ÿ so ğŸ˜³ bad ğŸ« ,2025-04-18 12:14:06,8.07,2835.0,2.847,19.0,2.879,37.0,8.07,
14224876226,activities/15180963839.fit.gz,Morning Run,2025-04-19 14:10:19,12.66,4665.0,2.714,41.0,2.777,55.0,12.66,
14235957800,activities/15192618678.fit.gz,Afternoon Run,2025-04-20 18:13:48,4.38,1384.0,3.171,12.0,3.236,30.0,4.38,
14241811995,activities/15198759562.fit.gz,lil workout,2025-04-21 10:17:58,12.25,3630.0,3.375,14.0,3.414,88.0,12.25,
14261826279,activities/15219653863.fit.gz,Morning Run,2025-04-22 11:41:51,10.13,3245.0,3.124,43.0,3.199,77.0,10.13,
14261826466,activities/15219654009.fit.gz,Morning Run,2025-04-23 10:58:53,10.83,3607.0,3.004,34.0,3.058,66.0,10.83,
14272117259,activities/15230388004.fit.gz,Last workout ğŸ˜¢,2025-04-24 10:14:09,8.85,2696.0,3.286,16.0,3.317,53.0,8.85,
14284272595,activities/15243087240.fit.gz,Pre meet at Gordon,2025-04-25 16:41:57,7.76,2708.0,2.867,29.0,2.908,51.0,7.76,
14291611491,activities/15250778174.fit.gz,Shakeout,2025-04-26 12:54:16,1.81,601.0,3.022,0.0,3.054,13.0,1.81,
14323762849,activities/15284465142.fit.gz,Warm up,2025-04-26 17:48:15,3.24,1075.0,3.02,13.0,3.081,29.0,3.24,
14323794964,,CNE -5k,2025-04-26 18:45:00,5.0,1261.0,3.965,,,,5.0,
14376766415,activities/15340044520.fit.gz,Training for Junior Olympics: Day 1,2025-05-04 15:14:21,1.36,711.0,1.92,5.0,1.953,2.0,1.36,
14388093066,activities/15351983929.fit.gz,"Welcome back, Speedy",2025-05-05 19:14:45,3.67,1201.0,3.057,10.0,3.101,33.0,3.67,
14403573770,activities/15368214362.fit.gz,Itâ€™s the most wonderful time of the year ğŸ„ğŸ…â€¦..,2025-05-07 10:01:42,5.36,1800.0,2.982,7.0,3.007,48.0,5.36,
14424418294,activities/15390108506.fit.gz,Morning Run,2025-05-09 10:48:06,3.57,1201.0,2.98,4.0,3.001,23.0,3.57,
14436255049,activities/15402620917.fit.gz,My new athlete: my sisters-> friends -> brother,2025-05-10 13:58:43,3.5,1044.0,3.359,12.0,3.401,48.0,3.5,
14451152227,activities/15418392554.fit.gz,Morning Run,2025-05-11 13:06:07,5.51,1801.0,3.061,10.0,3.092,70.0,5.51,
14454834173,activities/15422345356.fit.gz,Great to be back,2025-05-12 10:25:36,7.65,2394.0,3.198,29.0,3.246,76.0,7.65,
14465285493,activities/15433385883.fit.gz,Morning Run,2025-05-13 10:19:13,6.44,2112.0,3.049,26.0,3.085,54.0,6.44,
14475961453,activities/15444652765.fit.gz,Morning Run,2025-05-14 09:33:41,5.37,1760.0,3.055,25.0,3.112,47.0,5.37,
14487312608,activities/15456702952.fit.gz,Morning Run,2025-05-15 10:30:41,7.7,2556.0,3.014,33.0,3.061,81.0,7.7,
14497151791,activities/15467233196.fit.gz,Morning Run,2025-05-16 10:30:53,5.5,1801.0,3.057,6.0,3.092,40.0,5.5,
14507855088,activities/15478858628.fit.gz,When in Romeâ€¦ ğŸ¤·,2025-05-17 11:33:10,10.57,3410.0,3.1,46.0,3.152,111.0,10.57,
14508658361,activities/15479734502.fit.gz,Coach Summer clocking in,2025-05-17 13:28:23,3.72,1187.0,3.138,14.0,3.196,37.0,3.72,
14527377569,activities/15501352994.fit.gz,Morning Run,2025-05-19 09:56:16,9.7,3127.0,3.104,69.0,3.175,118.0,9.7,
14538292496,activities/15512906801.fit.gz,Morning Run,2025-05-20 10:36:12,8.15,2547.0,3.2,21.0,3.235,79.0,8.15,
14549409225,activities/15524786749.fit.gz,Morning Run,2025-05-21 10:30:24,10.55,3364.0,3.137,44.0,3.188,108.0,10.55,
14559493957,activities/15535597003.fit.gz,Morning Run,2025-05-22 10:32:02,8.07,2584.0,3.123,19.0,3.154,85.0,8.07,
14569103093,activities/15545940083.fit.gz,Happiest person aliveâ€¦ but Iâ€™m not done,2025-05-23 10:41:18,8.1,2581.0,3.141,40.0,3.194,93.0,8.1,
14590500406,activities/15568998002.fit.gz,Morning Run,2025-05-25 11:57:17,11.91,3915.0,3.043,67.0,3.113,169.0,11.91,
14600923470,activities/15580314179.fit.gz,I do it for the girls and the gays thatâ€™s it ğŸ˜˜,2025-05-26 14:14:22,10.43,3407.0,3.063,34.0,3.115,130.0,10.43,
14609431062,activities/15589457558.fit.gz,Morning Run,2025-05-27 10:40:30,10.49,3428.0,3.06,40.0,3.109,90.0,10.49,
14619430191,activities/15600168356.fit.gz,What do you mean running easierâ€¦ feels easierâ€¦?!?! ğŸ¤¯,2025-05-28 09:58:28,11.36,3850.0,2.951,52.0,3.01,89.0,11.36,
14629411769,activities/15610868585.fit.gz,Morning Run,2025-05-29 09:28:53,10.46,3489.0,3.0,44.0,3.049,82.0,10.46,
14640202251,activities/15622455123.fit.gz,Morning Run,2025-05-30 10:29:06,8.91,2944.0,3.027,17.0,3.061,68.0,8.91,
14663073679,activities/15647065839.fit.gz,Morning Run,2025-06-01 12:37:56,12.89,4367.0,2.952,70.0,3.019,154.0,12.89,
14670723817,activities/15655355302.fit.gz,Week 1 ğŸ‘¹,2025-06-02 09:20:20,10.57,3576.0,2.956,48.0,3.003,92.0,10.57,
14681083446,activities/15666485559.fit.gz,Morning Run,2025-06-03 09:19:35,8.87,3037.0,2.922,13.0,2.945,65.0,8.87,
14692409026,activities/15678614127.fit.gz,Happy Global Running Day,2025-06-04 09:22:32,12.94,4440.0,2.914,61.0,2.964,68.0,12.94,
14702711958,activities/15689674756.fit.gz,Morning Run,2025-06-05 09:23:28,8.15,2737.0,2.981,20.0,3.015,68.0,8.15,
14712449301,activities/15700158284.fit.gz,Morning Run,2025-06-06 09:23:17,10.54,3662.0,2.878,38.0,2.919,97.0,10.54,
14723786178,activities/15712412827.fit.gz,Stacking days,2025-06-07 11:55:27,14.48,5062.0,2.862,68.0,2.927,135.0,14.48,
14735150046,activities/15724697679.fit.gz,Follow if you want to PR,2025-06-08 13:51:46,7.57,2593.0,2.921,29.0,2.978,73.0,7.57,
14742701963,activities/15732924130.fit.gz,Morning Run,2025-06-09 09:25:18,12.88,4401.0,2.928,58.0,2.985,100.0,12.88,
14753747847,activities/15744806217.fit.gz,Morning Run,2025-06-10 10:26:00,9.66,3355.0,2.879,54.0,2.944,71.0,9.66,
14764219213,activities/15756116901.fit.gz,Picking it up just a bit,2025-06-11 09:24:44,12.88,4161.0,3.096,29.0,3.129,120.0,12.88,
14775040179,activities/15767783802.fit.gz,Morning Run,2025-06-12 09:23:10,11.27,3899.0,2.891,60.0,2.968,71.0,11.27,
14785142917,activities/15778678989.fit.gz,Morning Run,2025-06-13 09:27:54,10.48,3547.0,2.955,40.0,3.0,69.0,10.48,
14796647215,activities/15791156315.fit.gz,"My dear old friend, the 10 miler",2025-06-14 11:53:35,16.09,5400.0,2.981,97.0,3.044,103.0,16.09,
14806979541,activities/15802364422.fit.gz,"Chat, we are clocking in at 50 miles this week",2025-06-15 11:57:44,7.55,2474.0,3.054,30.0,3.107,42.0,7.55,
14815438611,activities/15811607740.fit.gz,Breaking in the new kicks,2025-06-16 09:23:08,14.49,4984.0,2.908,85.0,2.969,91.0,14.49,
14825860194,activities/15822838556.fit.gz,Morning Run,2025-06-17 09:23:50,9.66,3349.0,2.886,48.0,2.944,38.0,9.66,
14832550869,activities/15829972615.fit.gz,Chill miles with Nadia,2025-06-17 20:55:52,4.84,1718.0,2.819,21.0,2.866,12.0,4.84,
14837318952,activities/15835159866.fit.gz,Shoutout to the local fishermen who said I was â€œmoving goodâ€ ğŸ£,2025-06-18 09:24:39,11.27,3984.0,2.829,55.0,2.892,40.0,11.27,
14848457020,activities/15847204723.fit.gz,Warm up,2025-06-19 10:25:01,2.41,868.0,2.785,6.0,2.815,4.0,2.41,
14848457102,activities/15847204640.fit.gz,"Conditions are tough, but Iâ€™m tougher",2025-06-19 10:43:39,9.65,2890.0,3.342,24.0,3.373,83.0,9.65,
14848848009,activities/15847623805.fit.gz,Cool down,2025-06-19 11:47:40,3.22,1164.0,2.768,7.0,2.789,9.0,3.22,
14858354122,activities/15857946563.fit.gz,Shoutout Benson Boone for real ğŸ¦„,2025-06-20 09:27:22,8.05,2803.0,2.872,35.0,2.922,17.0,8.05,
14869568632,activities/15870134808.fit.gz,"Fuck the â€œwinsâ€ and â€œlossesâ€, just get the work in",2025-06-21 10:39:40,14.49,5138.0,2.82,79.0,2.877,65.0,14.49,
14871495289,activities/15872209079.fit.gz,Coach summer clocked in,2025-06-21 13:53:26,3.61,1299.0,2.779,14.0,2.822,25.0,3.61,
14880832680,activities/15882386531.fit.gz,Highest Mileage week,2025-06-22 12:16:02,7.1,2406.0,2.951,28.0,3.012,31.0,7.1,
14889204467,activities/15891558918.fit.gz,POV: trying to figure out if gels actually do anything,2025-06-23 09:28:42,16.09,5801.0,2.775,96.0,2.832,56.0,16.09,
14899255996,activities/15902444822.fit.gz,Morning Run,2025-06-24 09:26:34,12.59,4417.0,2.852,50.0,2.9,33.0,12.59,
14910116881,activities/15914153057.fit.gz,I am Benson Boone. Benson Boone is me.,2025-06-25 09:28:41,12.88,4721.0,2.729,67.0,2.787,35.0,12.88,
14920419543,activities/15925314672.fit.gz,Warm up,2025-06-26 09:24:10,3.22,1245.0,2.586,10.0,2.638,5.0,3.22,
14920419552,activities/15925314670.fit.gz,Found a pacer the last mile (it was a random man I chased),2025-06-26 09:48:55,8.04,2235.0,3.601,25.0,3.648,66.0,8.04,
14920668079,activities/15925581386.fit.gz,Cool down,2025-06-26 10:39:11,3.22,1197.0,2.692,6.0,2.715,7.0,3.22,
14926374698,activities/15931759206.fit.gz,Double boi,2025-06-26 21:30:22,3.55,1199.0,2.961,10.0,2.999,8.0,3.55,
14930569958,activities/15936393210.fit.gz,Morning Run,2025-06-27 09:25:56,10.46,3707.0,2.823,43.0,2.869,23.0,10.46,
14941371350,activities/15948260338.fit.gz,Itâ€™s always a good day to be on the womenâ€™s team,2025-06-28 10:33:22,16.09,5331.0,3.02,112.0,3.088,59.0,16.09,
14942146143,activities/15949104657.fit.gz,Coach summer starting her shift,2025-06-28 13:03:00,3.25,1277.0,2.551,8.0,2.582,5.0,3.25,
14952006177,activities/15959954744.fit.gz,Why was this harder than my long run progression yesterday!?!?,2025-06-29 11:08:54,7.24,2587.0,2.802,28.0,2.85,21.0,7.24,
14960820226,activities/15969715972.fit.gz,Morning Run,2025-06-30 09:20:21,9.66,3477.0,2.778,47.0,2.831,23.0,9.66,
14966456459,activities/15975863085.fit.gz,Double double,2025-06-30 20:34:20,3.22,1131.0,2.85,8.0,2.885,5.0,3.22,
14971292171,activities/15981216289.fit.gz,Running for the Big W,2025-07-01 09:22:38,8.05,3013.0,2.672,41.0,2.747,13.0,8.05,
14981754332,activities/15992690588.fit.gz,Warm up,2025-07-02 09:26:15,2.41,934.0,2.589,4.0,2.617,4.0,2.41,
14982070905,activities/15993038916.fit.gz,Workout,2025-07-02 09:43:41,8.05,2368.0,3.4,15.0,3.433,71.0,8.05,
14982184000,activities/15993161437.fit.gz,Cool down,2025-07-02 10:26:23,1.5,520.0,2.9,0.0,2.904,5.0,1.5,
14993197530,activities/16005264640.fit.gz,Morning Run,2025-07-03 09:22:10,6.44,2433.0,2.647,22.0,2.697,9.0,6.44,
15014899802,activities/16029274397.fit.gz,I know yâ€™all missed me ğŸ’‹,2025-07-05 11:51:46,12.88,4583.0,2.811,57.0,2.861,82.0,12.88,
15025486028,activities/16040982535.fit.gz,New Character Unlocked: Trail Runner,2025-07-06 11:36:45,11.27,4225.0,2.669,105.0,2.817,47.0,11.27,
15026862125,,Me getting lost,2025-07-06 13:36:49,0.96,361.0,2.675,,,,0.96,
15033298112,activities/16049680622.fit.gz,I donâ€™t think they want it bad enough ğŸ¤·â€â™€ï¸,2025-07-07 09:21:48,9.17,3332.0,2.755,8.0,2.786,17.0,9.17,
15039610323,activities/16056557392.fit.gz,Afternoon Run,2025-07-07 21:17:56,6.92,2356.0,2.94,32.0,3.004,19.0,6.92,
15043852981,activities/16061284329.fit.gz,Morning Run,2025-07-08 09:24:40,8.05,2928.0,2.75,26.0,2.795,16.0,8.05,
15050264314,activities/16068245111.fit.gz,Afternoon Run,2025-07-08 20:13:21,3.22,1116.0,2.888,8.0,2.925,5.0,3.22,
15055280777,activities/16073824787.fit.gz,Got the work in,2025-07-09 09:29:38,9.78,3228.0,3.031,21.0,3.065,48.0,9.78,
15061970133,activities/16080854669.fit.gz,Speed queens run club ğŸ‘‘,2025-07-09 19:59:53,3.3,1247.0,2.649,18.0,2.72,5.0,3.3,
15068525238,activities/16088114355.fit.gz,Morning Run,2025-07-10 09:25:18,9.66,3487.0,2.77,41.0,2.831,20.0,9.66,
15077404275,activities/16097849114.fit.gz,Afternoon Run,2025-07-10 21:23:44,3.22,1081.0,2.982,8.0,3.016,5.0,3.22,
15077404333,activities/16097849091.fit.gz,Morning Run,2025-07-11 09:26:00,9.67,3439.0,2.814,17.0,2.849,15.0,9.67,
15083115377,activities/16104114351.fit.gz,Double time,2025-07-11 21:56:15,4.02,1338.0,3.01,9.0,3.044,8.0,4.02,
15089413571,activities/16111066734.fit.gz,An attempt at a long run progression,2025-07-12 11:16:30,19.31,6685.0,2.889,113.0,2.956,40.0,19.31,
15100904360,activities/16123702214.fit.gz,Morning Run,2025-07-13 12:42:42,10.2,3528.0,2.891,35.0,2.938,31.0,10.2,
15108945145,activities/16132604270.fit.gz,Cooldown,2025-07-14 10:19:08,1.61,574.0,2.81,6.0,2.844,3.0,1.61,
15108945315,activities/16132604316.fit.gz,Warm up,2025-07-14 09:23:53,3.14,1128.0,2.788,7.0,2.81,4.0,3.14,
15108945347,activities/16132604324.fit.gz,"Hills, bruh",2025-07-14 09:45:03,5.65,1899.0,2.978,70.0,3.079,17.0,5.65,
15115008989,activities/16139182828.fit.gz,Afternoon Run,2025-07-14 20:05:16,7.41,2561.0,2.894,27.0,2.953,13.0,7.41,
15119933514,activities/16144617737.fit.gz,Didnâ€™t want to go for a run,2025-07-15 09:27:11,8.85,3268.0,2.71,14.0,2.741,15.0,8.85,
15127626441,activities/16152915795.fit.gz,The work is never done,2025-07-15 23:04:17,4.02,1427.0,2.821,7.0,2.861,10.0,4.02,
15131413239,activities/16157130511.fit.gz,ğŸ†the worst Iâ€™ve ever felt on a run,2025-07-16 09:28:19,6.44,2447.0,2.632,27.0,2.691,10.0,6.44,
15149157790,activities/16176487639.fit.gz,Back from the dead â˜ ï¸ (not really),2025-07-17 21:40:32,4.4,1595.0,2.764,18.0,2.865,22.0,4.4,
15152920095,activities/16180675496.fit.gz,This is going to ruin the tour,2025-07-18 09:27:02,1.68,659.0,2.552,0.0,2.584,2.0,1.68,
15165055145,activities/16194005327.fit.gz,Gang in the hood,2025-07-19 11:31:23,4.1,1536.0,2.674,28.0,2.736,18.0,4.1,
15177387736,activities/16207547577.fit.gz,"Wanted to do 30 miles today, but SOMEONE wouldnâ€™t let me ğŸ™„",2025-07-20 13:16:50,9.66,3484.0,2.773,35.0,2.833,59.0,9.66,
15184969805,activities/16215960472.fit.gz,Morning Run,2025-07-21 09:25:08,4.48,1666.0,2.689,5.0,2.714,6.0,4.48,
15195829904,activities/16227797691.fit.gz,Maybe I donâ€™t hate running,2025-07-22 09:22:38,7.4,2492.0,2.972,26.0,3.021,21.0,7.4,
15207716372,activities/16240509575.fit.gz,"The sun is shining, the birds are chirping, and this is the best Iâ€™ve felt in weeks",2025-07-23 09:24:21,8.05,2815.0,2.862,31.0,2.926,21.0,8.05,
15219076780,activities/16252636179.fit.gz,Never underestimate me,2025-07-24 09:23:43,8.06,2784.0,2.895,16.0,2.928,36.0,8.06,
15229738862,activities/16264056686.fit.gz,I will always come out on top,2025-07-25 09:21:58,7.39,2687.0,2.75,26.0,2.804,16.0,7.39,
15241926186,activities/16277122139.fit.gz,Morning Run,2025-07-26 11:26:28,12.87,4417.0,2.915,52.0,2.987,60.0,12.87,
15253442488,activities/16289435380.fit.gz,Back to business,2025-07-27 12:49:40,8.06,2709.0,2.978,8.0,3.01,47.0,8.06,
15261643832,activities/16298269271.fit.gz,Hills,2025-07-28 09:25:56,10.25,3626.0,2.828,75.0,2.905,51.0,10.25,
15284388670,activities/16322518386.fit.gz,Hot take: â€œheat trainingâ€ is for people who donâ€™t want to wake up early to run before it gets hot,2025-07-30 09:24:01,8.05,2961.0,2.719,39.0,2.791,31.0,8.05,
15295396929,activities/16334258732.fit.gz,Warm up,2025-07-31 09:28:59,2.41,902.0,2.68,7.0,2.721,8.0,2.41,
15295669768,activities/16334549172.fit.gz,Just getting it together,2025-07-31 09:47:32,4.83,1485.0,3.254,8.0,3.281,46.0,4.83,
15295880559,activities/16334770713.fit.gz,Cool down,2025-07-31 10:17:29,2.22,833.0,2.664,0.0,2.667,9.0,2.22,
15306568110,activities/16346189932.fit.gz,â€˜Twas a chill in the air,2025-08-01 09:22:43,9.24,3071.0,3.01,34.0,3.065,38.0,9.24,
15318879387,activities/16359362937.fit.gz,I used to pray for times like these,2025-08-02 10:58:52,19.31,6403.0,3.017,106.0,3.083,114.0,19.31,
15330344213,activities/16371647870.fit.gz,Funky Monkey 10k,2025-08-03 12:02:32,10.16,3568.0,2.849,43.0,2.895,39.0,10.16,
15340673718,activities/16382791546.fit.gz,Morning Run,2025-08-04 09:24:11,9.28,3239.0,2.868,34.0,2.915,35.0,9.28,
15345412675,activities/16387808361.fit.gz,Afternoon Run,2025-08-04 20:07:42,7.24,2466.0,2.938,28.0,2.995,48.0,7.24,
15350709539,activities/16393527603.fit.gz,Back in the game,2025-08-05 09:27:53,11.3,3756.0,3.009,23.0,3.036,66.0,11.3,
15362666704,activities/16406245089.fit.gz,Morning Run,2025-08-06 09:21:58,8.85,3142.0,2.818,39.0,2.873,27.0,8.85,
15369431843,activities/16413373138.fit.gz,Afternoon Run,2025-08-06 19:40:59,7.26,2440.0,2.975,27.0,3.032,34.0,7.26,
15374725651,activities/16419104497.fit.gz,"And I present to you, hill repeats",2025-08-07 09:24:27,10.78,3761.0,2.868,78.0,2.934,35.0,10.78,
15386131322,activities/16431266888.fit.gz,Morning Run,2025-08-08 09:22:46,11.27,3847.0,2.93,42.0,2.981,41.0,11.27,
15398545315,activities/16444507491.fit.gz,â€œYou dedicatedâ€,2025-08-09 10:32:27,19.32,6552.0,2.949,102.0,3.015,125.0,19.32,
15409056944,activities/16455763817.fit.gz,Morning Run,2025-08-10 09:50:35,11.26,3928.0,2.869,32.0,2.918,80.0,11.26,
15419431023,activities/16466927724.fit.gz,Workout,2025-08-11 09:30:05,10.41,3427.0,3.039,12.0,3.077,64.0,10.41,
15431054482,activities/16479323300.fit.gz,Morning Run,2025-08-12 09:24:50,10.46,3774.0,2.773,56.0,2.844,25.0,10.46,
15443147382,activities/16492216449.fit.gz,Morning Run,2025-08-13 09:28:53,10.16,3639.0,2.793,32.0,2.846,19.0,10.16,
15449110386,activities/16498536890.fit.gz,Afternoon Run,2025-08-13 19:29:48,7.26,2365.0,3.069,31.0,3.126,26.0,7.26,
15454669397,activities/16504524855.fit.gz,Counting down the days until preseason,2025-08-14 09:25:01,10.63,3652.0,2.913,14.0,2.938,34.0,10.63,
15465885948,activities/16516496257.fit.gz,Morning Run,2025-08-15 09:22:54,11.27,4035.0,2.793,34.0,2.852,43.0,11.27,
15478114712,activities/16529563046.fit.gz,Morning Run,2025-08-16 10:42:48,19.31,6640.0,2.909,113.0,2.983,70.0,19.31,
15498860280,activities/16551879901.fit.gz,Welcome to hurricane season boys,2025-08-18 09:27:30,11.38,3748.0,3.038,26.0,3.077,72.0,11.38,
15504947915,activities/16558287403.fit.gz,Afternoon Run,2025-08-18 19:28:02,7.24,2371.0,3.056,24.0,3.111,32.0,7.24,
15510427343,activities/16564174817.fit.gz,Morning Run,2025-08-19 09:24:54,9.66,3481.0,2.775,48.0,2.833,22.0,9.66,
15522668896,activities/16577182027.fit.gz,Morning Run,2025-08-20 09:24:40,10.47,3706.0,2.825,37.0,2.875,22.0,10.47,
15534182962,activities/16589517799.fit.gz,Hills while in fight or flight,2025-08-21 09:29:11,11.26,3984.0,2.828,54.0,2.879,39.0,11.26,
15540194770,activities/16596088966.fit.gz,Afternoon Run,2025-08-21 19:43:33,7.25,2358.0,3.075,30.0,3.141,24.0,7.25,
15545057785,activities/16601690524.fit.gz,Last 5am run before work ğŸ˜¢,2025-08-22 09:22:16,9.66,3373.0,2.864,40.0,2.922,39.0,9.66,
15557698641,activities/16615912003.fit.gz,â€œSheâ€™s out there for sooo longâ€,2025-08-23 10:33:14,19.33,6847.0,2.824,94.0,2.893,106.0,19.33,
15569305004,activities/16628614770.fit.gz,Summer Training is officially over,2025-08-24 11:20:28,10.3,3631.0,2.838,31.0,2.894,50.0,10.3,
15593547036,activities/16654702967.fit.gz,"Rip to the Glycerins, you will be missed",2025-08-26 12:25:02,11.09,3496.0,3.173,37.0,3.223,94.0,11.09,
15609254033,activities/16671385636.fit.gz,Morning Run,2025-08-27 12:18:46,9.8,3695.0,2.654,10.0,2.69,18.0,9.8,
15616059482,activities/16678700043.fit.gz,Morning Run,2025-08-28 12:25:38,7.63,2820.0,2.705,8.0,2.725,27.0,7.63,
15637936370,activities/16702512923.fit.gz,No more baby hills,2025-08-29 12:19:03,12.57,4461.0,2.819,267.0,3.038,113.0,12.57,
15637936415,activities/16702512865.fit.gz,Back to my favorite route,2025-08-30 12:22:27,10.9,3817.0,2.856,79.0,2.93,64.0,10.9,
15654245001,activities/16720409806.fit.gz,They so pissed right now,2025-08-31 22:43:03,4.83,1747.0,2.766,7.0,2.816,13.0,4.83,
15658150691,activities/16724778872.fit.gz,Laps and Loops,2025-09-01 10:21:35,15.63,5091.0,3.071,42.0,3.121,102.0,15.63,
15669282758,activities/16736982111.fit.gz,Morning Run,2025-09-02 09:32:26,13.07,4592.0,2.847,46.0,2.907,24.0,13.07,
15682014310,activities/16751306778.fit.gz,My favorite dirt road,2025-09-03 10:15:56,13.76,4255.0,3.234,55.0,3.288,78.0,13.76,
15710995006,activities/16782347738.fit.gz,Pre meet,2025-09-05 10:18:22,8.05,3007.0,2.677,13.0,2.711,15.0,8.05,
15710995028,activities/16782347746.fit.gz,Someone told me this was an 8 mile loop,2025-09-04 10:18:50,15.19,5626.0,2.701,43.0,2.743,49.0,15.19,
15718035704,activities/16789818469.fit.gz,Warm up,2025-09-06 14:32:14,2.1,774.0,2.721,13.0,2.795,10.0,2.1,
15718985400,activities/16790806133.fit.gz,Cool down,2025-09-06 15:46:37,1.77,699.0,2.544,8.0,2.595,13.0,1.77,
15719426917,,Short course 3k,2025-09-06 15:15:00,3.0,804.0,3.731,,,,3.0,
15729031386,activities/16801479442.fit.gz,Light work,2025-09-07 11:07:41,19.31,6575.0,2.938,72.0,2.984,70.0,19.31,
15739753007,activities/16812912882.fit.gz,Had to do it to them,2025-09-08 10:19:19,14.95,4354.0,3.435,23.0,3.479,76.0,14.95,
15745491615,activities/16818913101.fit.gz,Double -> lift,2025-09-08 21:37:45,4.83,1598.0,3.023,13.0,3.053,13.0,4.83,
15750064113,activities/16823812250.fit.gz,Morning Run,2025-09-09 09:29:35,13.27,4510.0,2.944,53.0,2.995,29.0,13.27,
15764112349,,Sidewalks are for people,2025-09-10 10:30:00,13.84,4515.0,3.065,,,,13.84,
15774121468,activities/16849180364.fit.gz,Morning Run,2025-09-11 10:18:53,12.97,4566.0,2.842,79.0,2.91,23.0,12.97,
15784814088,activities/16860484468.fit.gz,Morning Run,2025-09-12 10:16:24,8.09,2859.0,2.832,14.0,2.869,12.0,8.09,
15797349777,activities/16873723438.fit.gz,Warm up,2025-09-13 13:16:24,3.16,1158.0,2.73,4.0,2.749,11.0,3.16,
15798642027,activities/16875067481.fit.gz,Cool down,2025-09-13 15:07:24,1.85,776.0,2.394,8.0,2.435,4.0,1.85,
15799079434,,Oh how I missed it,2025-09-13 14:00:41,6.0,1615.0,3.715,,,,6.0,
15809103788,activities/16886071273.fit.gz,â€œLet the huzz go firstâ€,2025-09-14 11:35:47,17.7,5953.0,2.974,78.0,3.036,72.0,17.7,
15818876735,activities/16896337646.fit.gz,Location change to the Fens so it was a good day,2025-09-15 10:21:41,13.8,3995.0,3.454,42.0,3.495,77.0,13.8,
15829089264,activities/16906865892.fit.gz,Morning Run,2025-09-16 09:30:43,13.02,4464.0,2.917,55.0,2.968,24.0,13.02,
15841462038,activities/16919556799.fit.gz,Morning Run,2025-09-17 10:17:28,10.71,3970.0,2.7,28.0,2.749,15.0,10.71,
15854169850,,Got attacked by a recycling bin â™»ï¸,2025-09-18 10:17:00,13.68,4980.0,2.747,,,,13.68,
15865621429,activities/16944305496.fit.gz,Morning Run,2025-09-19 10:19:02,8.05,2994.0,2.691,35.0,2.74,13.0,8.05,
15875016904,activities/16953966468.fit.gz,She ran a different long run route!?!??,2025-09-20 09:44:01,17.7,5880.0,3.012,65.0,3.058,85.0,17.7,
15887699590,activities/16967024107.fit.gz,Morning Run,2025-09-21 11:26:47,8.85,3011.0,2.939,23.0,2.998,27.0,8.85,
15897530585,activities/16977158375.fit.gz,I survived the dog workout,2025-09-22 10:19:10,13.71,4273.0,3.21,24.0,3.256,96.0,13.71,
15913989801,activities/16993972376.fit.gz,Morning Run,2025-09-23 09:30:03,12.87,4561.0,2.823,48.0,2.88,28.0,12.87,
15920146476,activities/17000314316.fit.gz,Cool down + some strides,2025-09-24 11:24:19,3.35,1080.0,3.109,5.0,3.105,13.0,3.35,
15920146486,activities/17000314346.fit.gz,Something slight,2025-09-24 10:44:06,6.5,1809.0,3.593,0.0,3.625,40.0,6.5,
15920162905,activities/17000331166.fit.gz,Warm up,2025-09-24 10:18:16,3.32,1278.0,2.598,35.0,2.737,6.0,3.32,
15931181743,activities/17011605419.fit.gz,Morning Run,2025-09-25 10:20:23,13.76,5060.0,2.719,37.0,2.767,23.0,13.76,
15941192359,activities/17021842644.fit.gz,Morning Run,2025-09-26 10:17:02,8.06,3024.0,2.667,15.0,2.701,14.0,8.06,
15955726712,activities/17036701912.fit.gz,Cool down,2025-09-27 16:19:44,1.38,561.0,2.469,10.0,2.529,5.0,1.38,
15955979132,,Warm up,2025-09-27 14:14:57,1.61,600.0,2.682,,,,1.61,
15956086623,,Brown Bear Invitational,2025-09-27 15:00:00,6.0,1720.0,3.488,,,,6.0,
15965655949,activities/17046889477.fit.gz,Morning Run,2025-09-28 12:31:45,11.37,3920.0,2.902,44.0,2.969,31.0,11.37,
15975447616,activities/17056891692.fit.gz,WAKE UP!,2025-09-29 10:19:43,15.05,4878.0,3.085,95.0,3.156,49.0,15.05,
15997306308,activities/17079015342.fit.gz,A whole lotta yapping,2025-10-01 10:20:36,9.57,3700.0,2.588,24.0,2.621,14.0,9.57,
16008425508,activities/17090271746.fit.gz,Laps on laps,2025-10-02 10:17:19,11.64,3445.0,3.38,24.0,3.423,79.0,11.64,
16018868308,activities/17100849640.fit.gz,Womenâ€™s team Taylor Swift listening party ğŸ§¡,2025-10-03 10:01:52,8.01,2952.0,2.715,17.0,2.76,11.0,8.01,
16030307600,activities/17112454840.fit.gz,Found my new hobby,2025-10-04 11:28:30,15.29,5226.0,2.927,69.0,2.986,81.0,15.29,
16050888231,activities/17133359708.fit.gz,Warm up + mile at 6k goal pace,2025-10-06 10:18:15,4.34,1260.0,3.451,19.0,3.519,23.0,4.34,
16050888243,activities/17133359730.fit.gz,The real DAWG workout,2025-10-06 10:50:02,5.82,1408.0,4.134,0.0,4.171,76.0,5.82,
16050903789,activities/17133375326.fit.gz,Cool down,2025-10-06 11:33:27,2.54,1039.0,2.446,6.0,2.476,7.0,2.54,
16062756301,activities/17145324334.fit.gz,Too many people,2025-10-07 11:37:22,12.88,4335.0,2.971,58.0,3.035,47.0,12.88,
16073348616,activities/17156024240.fit.gz,Cooked,2025-10-08 10:02:49,9.79,3772.0,2.596,30.0,2.642,16.0,9.79,
16084690352,activities/17167465587.fit.gz,A machine ğŸ¦¿,2025-10-09 10:16:50,16.54,5049.0,3.276,128.0,3.36,89.0,16.54,
16094684427,activities/17177552436.fit.gz,Morning Run,2025-10-10 10:21:43,13.03,4531.0,2.876,89.0,2.951,29.0,13.03,
16105158823,activities/17188135935.fit.gz,Thankfully I didnâ€™t get eaten by a coyote,2025-10-11 10:41:36,16.1,5361.0,3.004,103.0,3.068,53.0,16.1,
16116324234,activities/17199456353.fit.gz,When in P-Town,2025-10-12 11:29:58,4.83,1603.0,3.014,3.0,3.046,10.0,4.83,
16132238786,activities/17215567178.fit.gz,Follow the hook,2025-10-13 21:15:22,14.67,4662.0,3.147,117.0,3.252,92.0,14.67,
16136186417,activities/17219565361.fit.gz,Truly thought this was going to be my last day on Earth,2025-10-14 09:34:03,12.88,4337.0,2.97,40.0,3.038,52.0,12.88,
16148064855,activities/17231540221.fit.gz,It took a bit of blood to beat the American Record ğŸ©¸,2025-10-15 10:39:04,7.31,1751.0,4.179,0.0,4.2,60.0,7.31,
16148064992,activities/17231540478.fit.gz,Warm up,2025-10-15 10:15:42,2.5,907.0,2.766,19.0,2.852,5.0,2.5,
16148065099,activities/17231540523.fit.gz,Cooldown,2025-10-15 11:30:54,2.62,916.0,2.866,5.0,2.892,8.0,2.62,
16158736528,activities/17242306221.fit.gz,Morning Run,2025-10-16 10:21:55,12.98,4425.0,2.935,80.0,3.005,36.0,12.98,
16169682706,activities/17253344570.fit.gz,Morning Run,2025-10-17 10:16:33,8.06,2918.0,2.763,14.0,2.794,14.0,8.06,
16184756784,activities/17268572546.fit.gz,Victory lap,2025-10-18 19:43:49,10.07,3343.0,3.014,35.0,3.087,53.0,10.07,
16195020472,activities/17279005285.fit.gz,Morning Run,2025-10-19 11:25:13,8.09,2734.0,2.96,23.0,3.014,33.0,8.09,
16199897218,activities/17283945868.fit.gz,Sometimes you just got to show up and get it done,2025-10-20 10:17:02,11.95,3536.0,3.382,50.0,3.448,81.0,11.95,
16231363450,activities/17315556089.fit.gz,First time on the tread in 2.5 years,2025-10-23 10:14:05,2.53,903.0,2.804,0.0,,3.0,2.53,
16231363463,activities/17315556044.fit.gz,Fast things,2025-10-23 10:49:50,4.64,597.0,7.772,0.0,,47.0,4.64,
16231363476,activities/17315556139.fit.gz,Workout on tread cause it was too scary outside,2025-10-23 10:33:10,2.5,601.0,4.159,0.0,,18.0,2.5,
16231363481,activities/17315556138.fit.gz,Cooldown,2025-10-23 11:20:15,1.61,566.0,2.849,0.0,2.873,4.0,1.61,
16231363677,activities/17315556103.fit.gz,Morning Run,2025-10-21 09:28:21,12.88,4375.0,2.944,68.0,3.022,43.0,12.88,
16240649398,activities/17324891202.fit.gz,Sight seeing,2025-10-24 10:37:00,8.05,2763.0,2.914,0.0,,12.0,8.05,
16262054043,activities/17346549434.fit.gz,A great return to being able to run outside without getting jumped,2025-10-26 11:42:01,13.2,4381.0,3.015,57.0,3.068,74.0,13.2,
16270486774,activities/17355111891.fit.gz,Back with the team,2025-10-27 10:17:18,13.66,4179.0,3.269,43.0,3.326,76.0,13.66,
16280031094,activities/17364732623.fit.gz,Morning Run,2025-10-28 09:28:28,13.1,4386.0,2.987,54.0,3.044,73.0,13.1,
16291367484,activities/17376148307.fit.gz,STOP LOOKING AT YOUR HEART RATE JUST RUN,2025-10-29 10:21:22,12.55,3921.0,3.201,37.0,3.25,49.0,12.55,
16301342141,activities/17386206594.fit.gz,Morning Run,2025-10-30 10:17:43,10.75,3960.0,2.715,34.0,2.76,17.0,10.75,
16311641550,activities/17396594426.fit.gz,Morning Run,2025-10-31 10:19:20,7.99,2896.0,2.759,17.0,2.81,12.0,7.99,
16323417620,activities/17408541904.fit.gz,Warm up,2025-11-01 16:11:06,2.36,854.0,2.768,2.0,2.822,6.0,2.36,
16324783687,,CNE 2025 - Needed this so bad,2025-11-01 17:00:06,6.0,1472.0,4.076,,,,6.0,
16324811947,,Barefoot cooldown,2025-11-01 18:00:00,1.61,600.0,2.682,,,,1.61,
16330411565,activities/17415718280.fit.gz,Oh to be a man who can safely run in the dark,2025-11-02 10:26:41,7.24,2393.0,3.028,27.0,3.08,40.0,7.24,
16340950461,activities/17426499658.fit.gz,At least the womenâ€™s team ainâ€™t falling apart ğŸ¤·â€â™€ï¸,2025-11-03 11:18:11,13.19,4110.0,3.21,89.0,3.293,67.0,13.19,
16356841132,activities/17442460038.fit.gz,Wow! She didnâ€™t run at 5am ğŸ˜±,2025-11-04 20:00:22,12.88,4190.0,3.075,60.0,3.133,61.0,12.88,
16363257593,activities/17448930316.fit.gz,We had lots to yap about,2025-11-05 11:17:37,9.45,3703.0,2.554,21.0,2.601,18.0,9.45,
16383434359,activities/17469229875.fit.gz,Iâ€™m still hyper from the coffee I had at 3pm yesterday,2025-11-07 11:01:22,6.16,2425.0,2.54,36.0,2.595,10.0,6.16,
16383435835,activities/17469231284.fit.gz,Hate a 1k every day of the week,2025-11-06 11:16:27,10.79,3064.0,3.522,28.0,3.574,54.0,10.79,
16397831911,activities/17483762781.fit.gz,Afternoon Run,2025-11-08 19:27:39,13.68,4416.0,3.098,52.0,3.151,59.0,13.68,
16405566768,activities/17491604895.fit.gz,Morning Run,2025-11-09 13:42:13,9.65,3157.0,3.06,70.0,3.155,43.0,9.65,
16413908182,activities/17500030128.fit.gz,"One day Iâ€™ll be on my rest, but today just wasnâ€™t that day",2025-11-10 11:18:00,12.77,3954.0,3.23,45.0,3.301,51.0,12.77,
16425120023,activities/17511304664.fit.gz,Yes it is 30Â° and yes I am still wearing shorts,2025-11-11 13:35:49,10.81,3390.0,3.191,57.0,3.263,59.0,10.81,
16439587865,activities/17525847714.fit.gz,Countdown to a sub 24,2025-11-12 11:18:31,8.73,2769.0,3.154,24.0,3.205,30.0,8.73,
16444943637,activities/17531236088.fit.gz,Morning Run,2025-11-13 11:17:04,7.45,2724.0,2.737,14.0,2.767,11.0,7.45,
16458221014,activities/17544597236.fit.gz,Pre-meet + strides,2025-11-14 18:57:29,4.21,1407.0,2.995,42.0,3.129,17.0,4.21,
16468302538,activities/17554778675.fit.gz,Shakeout,2025-11-15 14:37:27,0.92,332.0,2.777,10.0,2.867,4.0,0.92,
16468302566,activities/17554778719.fit.gz,Warm up,2025-11-15 16:10:27,2.54,966.0,2.629,18.0,2.703,16.0,2.54,
16468346006,,Regionals 2025,2025-11-15 16:00:00,6.0,1515.0,3.96,,,,6.0,
16484714127,activities/17571395667.fit.gz,Where art thou Reggie?,2025-11-17 12:02:22,8.05,2099.0,3.836,0.0,,68.0,8.05,
16484714150,activities/17571395687.fit.gz,Cooldown,2025-11-17 12:53:25,1.23,492.0,2.51,11.0,2.609,3.0,1.23,
16484714164,activities/17571395680.fit.gz,Warm up,2025-11-17 11:33:49,3.22,1175.0,2.745,26.0,2.827,10.0,3.22,
16504313467,activities/17591114858.fit.gz,Morning Run,2025-11-19 11:17:54,7.54,2924.0,2.581,55.0,2.648,11.0,7.54,
16504313480,activities/17591114860.fit.gz,Morning Run,2025-11-18 12:26:18,10.54,3465.0,3.043,48.0,3.118,58.0,10.54,
16515000035,activities/17601892064.fit.gz,Channeling my inner mid-distance,2025-11-20 11:59:57,4.83,1106.0,4.37,0.0,,35.0,4.83,
16515000067,activities/17601892060.fit.gz,Warm up,2025-11-20 11:31:15,3.25,1162.0,2.803,23.0,2.873,14.0,3.25,
16515000153,activities/17601892098.fit.gz,Cooldown,2025-11-20 12:46:21,1.48,544.0,2.732,10.0,2.791,8.0,1.48,
16523393441,activities/17610376086.fit.gz,Tate McRae Deluxe listening party,2025-11-21 11:16:57,8.0,2788.0,2.872,16.0,2.912,16.0,8.0,
16534587300,activities/17621718552.fit.gz,Never let them know your next move,2025-11-22 14:00:40,9.83,3183.0,3.089,70.0,3.193,68.0,9.83,
16546408752,activities/17633712935.fit.gz,Itâ€™s a good day,2025-11-23 16:58:24,12.88,4035.0,3.192,52.0,3.26,99.0,12.88,
16552042067,activities/17639431164.fit.gz,Would never let a man beat me,2025-11-24 12:03:20,6.54,1499.0,4.363,0.0,,39.0,6.54,
16552042082,activities/17639431171.fit.gz,Warm up,2025-11-24 11:35:38,3.25,1170.0,2.784,20.0,2.841,12.0,3.25,
16552042084,activities/17639431207.fit.gz,Cool down,2025-11-24 12:56:18,1.34,507.0,2.651,10.0,2.745,4.0,1.34,
16563161065,activities/17650721824.fit.gz,Morning Run,2025-11-25 13:47:17,9.16,2930.0,3.128,34.0,3.181,57.0,9.16,
16572467802,activities/17660173894.fit.gz,ğŸš¨NEW SHOES GIVE ME ATTENTION ğŸš¨,2025-11-26 13:14:32,10.4,3359.0,3.098,48.0,3.159,55.0,10.4,
