RouteID,Average Speed_mean,Average Speed_median,Average Speed_std,Average Grade Adjusted Pace_mean,Elevation Gain_mean,Relative Effort_mean,Distance_mean,Distance_count
0.8,3.74,3.74,0.5473006486383873,,,,0.8,2
0.85,2.55,2.55,0.06363961030678934,2.4844999999999997,3.2,0.5,0.85,2
0.92,2.777,2.777,,2.867,10.0,4.0,0.92,1
0.96,2.675,2.675,,,,,0.96,1
1.0,1.526,1.526,,1.544,0.0,18.0,1.0,1
1.2,4.633,4.633,,,,,1.2,1
1.23,2.51,2.51,,2.609,11.0,3.0,1.23,1
1.34,2.651,2.651,,2.745,10.0,4.0,1.34,1
1.36,1.92,1.92,,1.953,5.0,2.0,1.36,1
1.37,2.771,2.771,,2.837,11.0,12.0,1.37,1
1.38,2.469,2.469,,2.529,10.0,5.0,1.38,1
1.42,2.262,2.262,,2.273,0.0,2.0,1.42,1
1.45,2.418,2.418,,2.432,2.7,15.0,1.45,1
1.48,2.732,2.732,,2.791,10.0,8.0,1.48,1
1.5,3.7295,3.7295,1.1730901499884823,2.904,0.0,5.0,1.5,2
1.53,2.635,2.635,,,0.0,16.0,1.53,1
1.55,2.38,2.38,,2.386,0.0,14.0,1.55,1
1.59,2.631,2.631,,2.64,4.8,14.0,1.59,1
1.61,3.4062142857142854,2.8875,0.9417718308160856,2.8646666666666665,3.0,4.25,1.61,14
1.62,2.918,2.918,,,0.0,3.0,1.62,1
1.64,2.796,2.796,,2.96,22.0,8.0,1.64,1
1.66,2.922,2.922,,,0.0,32.0,1.66,1
1.67,2.6825,2.6825,0.22698127676088173,2.7275,7.0,10.5,1.67,2
1.68,2.552,2.552,,2.584,0.0,2.0,1.68,1
1.69,3.063,3.063,,,0.0,22.0,1.69,1
1.77,2.737666666666667,2.719,0.20364266088748045,2.6855,9.5,15.5,1.7700000000000002,3
1.78,2.799,2.799,,2.876,13.0,13.0,1.78,1
1.79,2.779,2.779,,2.835,12.0,11.0,1.79,1
1.8,2.8023333333333333,2.742,0.2081641980104486,2.873666666666667,12.0,19.333333333333332,1.8,3
1.81,2.727,2.727,0.41719300090006295,2.7794999999999996,4.4,12.5,1.81,2
1.85,2.394,2.394,,2.435,8.0,4.0,1.85,1
1.88,2.951,2.951,,3.032,15.0,21.0,1.88,1
1.98,4.369,4.369,,,0.0,12.0,1.98,1
2.05,4.37,4.37,,,0.0,11.0,2.05,1
2.06,2.979,2.979,,2.975,0.0,15.0,2.06,1
2.09,4.227,4.227,,,,,2.09,1
2.1,2.721,2.721,,2.795,13.0,10.0,2.1,1
2.12,2.65,2.65,,2.743,18.0,26.0,2.12,1
2.14,3.028,3.028,,3.017,0.0,25.0,2.14,1
2.15,2.819,2.819,,2.845,2.8,15.0,2.15,1
2.22,2.664,2.664,,2.667,0.0,9.0,2.22,1
2.24,2.882,2.882,,2.949,8.0,13.0,2.24,1
2.27,3.039,3.039,,2.744,11.8,10.0,2.27,1
2.28,1.314,1.314,,1.319,6.7,5.0,2.28,1
2.29,2.978,2.978,,2.987,6.9,32.0,2.29,1
2.36,2.768,2.768,,2.822,2.0,6.0,2.36,1
2.39,2.878,2.878,,2.988,21.0,26.0,2.39,1
2.41,2.7426000000000004,2.682,0.14826091865356825,2.80025,7.0,9.0,2.41,5
2.42,2.704,2.704,,2.748,12.0,20.0,2.42,1
2.43,2.641,2.641,,,0.0,6.0,2.43,1
2.46,2.773,2.773,,2.791,15.7,22.0,2.46,1
2.5,3.2306666666666666,2.767,0.8039604053268626,2.9935,35.0,15.0,2.5,3
2.53,2.804,2.804,,,0.0,3.0,2.53,1
2.54,2.5375,2.5375,0.12940054095713807,2.5895,12.0,11.5,2.54,2
2.57,2.861,2.861,,,,,2.57,1
2.58,2.869,2.869,,,,,2.58,1
2.62,2.866,2.866,,2.892,5.0,8.0,2.62,1
2.64,2.969,2.969,,2.973,12.1,27.0,2.64,1
2.72,3.01,3.01,,3.115,20.0,23.0,2.72,1
2.75,2.896,2.896,,2.995,20.0,24.0,2.75,1
2.76,2.8495,2.8495,0.09970205614730321,2.931,14.5,20.5,2.76,2
2.79,2.777,2.777,,2.795,8.0,21.0,2.79,1
2.8,1.681,1.681,,1.674,6.7,9.0,2.8,1
3.0,3.8201666666666667,3.7714999999999996,0.16437933771209404,,,,3.0,6
3.01,2.575,2.575,,2.619,6.0,26.0,3.01,1
3.12,2.857,2.857,,3.016,43.0,24.0,3.12,1
3.14,2.0774999999999997,2.0774999999999997,1.004798736066084,2.088,6.85,7.0,3.14,2
3.16,2.73,2.73,,2.749,4.0,11.0,3.16,1
3.19,2.658,2.658,,,0.0,24.0,3.19,1
3.21,2.9939999999999998,2.98,0.024248711305964142,,,,3.2099999999999995,3
3.22,2.8129,2.809,0.12474102060758617,2.8606666666666665,9.4,10.4,3.22,10
3.23,2.955,2.872,0.16498181717995472,2.9879999999999995,5.766666666666667,25.0,3.23,3
3.24,2.992,2.992,0.039597979746446695,3.058,19.0,30.5,3.24,2
3.25,2.7657499999999997,2.7935,0.1562036597949398,2.8205,16.25,14.5,3.25,4
3.26,2.757,2.757,,2.786,6.0,17.0,3.26,1
3.27,2.926,2.926,0.10323759005323588,2.966,16.1,28.5,3.27,2
3.28,2.907,2.8985000000000003,0.05504543577809154,2.9775,23.0,23.5,3.28,4
3.29,2.911,2.911,0.1103086578651012,2.9524999999999997,15.75,22.0,3.29,2
3.3,2.8209999999999997,2.801,0.15856229059899452,2.846,21.6,22.75,3.3,4
3.31,2.891,2.891,,2.963,26.0,31.0,3.31,1
3.32,2.7863333333333333,2.754,0.2064081716728613,2.8543333333333334,21.233333333333334,21.0,3.32,3
3.35,3.109,3.109,,3.105,5.0,13.0,3.35,1
3.48,2.966,2.966,,3.003,9.0,21.0,3.48,1
3.5,3.138,3.138,0.3125411972844541,3.1639999999999997,11.85,40.5,3.5,2
3.51,2.996,2.996,,2.83,21.6,32.0,3.51,1
3.53,2.968,2.968,0.0028284271247460357,3.0105,11.5,28.5,3.53,2
3.54,3.106,3.106,,,,,3.54,1
3.55,2.961,2.961,,2.999,10.0,8.0,3.55,1
3.57,2.98,2.98,,3.001,4.0,23.0,3.57,1
3.59,2.978,2.978,,3.06,28.0,38.0,3.59,1
3.61,2.779,2.779,,2.822,14.0,25.0,3.61,1
3.67,3.057,3.057,,3.101,10.0,33.0,3.67,1
3.71,3.015,3.015,,,20.6,28.0,3.71,1
3.72,3.138,3.138,,3.196,14.0,37.0,3.72,1
3.78,2.9859999999999998,2.9859999999999998,0.27577164466275345,,14.65,18.0,3.78,2
3.8,3.7095000000000002,3.7095000000000002,1.209859702610183,2.844,6.7,32.0,3.8,2
3.91,2.744,2.744,,2.737,6.0,27.0,3.91,1
3.94,3.251,3.251,,3.247,11.6,72.0,3.94,1
4.02,3.2234285714285713,3.025,0.640570802004706,2.9525,5.333333333333333,16.666666666666668,4.02,7
4.03,2.984,2.984,,3.037,11.0,41.0,4.03,1
4.05,2.846,2.846,,,13.6,,4.05,1
4.08,3.114,3.114,,,16.5,46.0,4.08,1
4.1,2.674,2.674,,2.736,28.0,18.0,4.1,1
4.18,2.789,2.789,,,,,4.18,1
4.19,3.077,3.077,,3.103,22.4,55.0,4.19,1
4.21,2.995,2.995,,3.129,42.0,17.0,4.21,1
4.29,2.585,2.585,,,11.3,21.0,4.29,1
4.34,3.451,3.451,,3.519,19.0,23.0,4.34,1
4.35,2.469,2.469,,2.511,13.0,12.0,4.35,1
4.38,3.171,3.171,,3.236,12.0,30.0,4.38,1
4.4,2.764,2.764,,2.865,18.0,22.0,4.4,1
4.44,3.094,3.094,,3.18,48.2,60.0,4.44,1
4.45,2.938,2.938,,2.936,7.9,56.0,4.45,1
4.47,4.178,4.178,,,0.0,44.0,4.47,1
4.48,2.689,2.689,,2.714,5.0,6.0,4.48,1
4.56,3.051,3.051,,,22.1,,4.56,1
4.64,7.772,7.772,,,0.0,47.0,4.64,1
4.67,2.703,2.703,,2.676,15.3,48.0,4.67,1
4.7,2.5,2.5,,,17.1,55.0,4.7,1
4.72,3.035,3.035,,3.093,27.0,34.0,4.72,1
4.78,2.609,2.609,,,8.3,60.0,4.78,1
4.82,2.954,2.954,,2.976,19.3,29.0,4.82,1
4.83,2.9743636363636368,2.766,0.5027311951186783,2.895375,10.554545454545455,23.454545454545453,4.83,11
4.84,2.819,2.819,,2.866,21.0,12.0,4.84,1
4.85,2.846,2.846,,,0.0,17.0,4.85,1
4.86,2.7904999999999998,2.7904999999999998,0.13505739520663093,2.882,9.55,46.0,4.86,2
4.89,2.742,2.742,0.17819090885900982,2.7535,15.5,38.5,4.89,2
4.92,2.82,2.82,,2.829,9.5,45.0,4.92,1
4.95,3.982,3.982,,4.002,2.0,54.0,4.95,1
4.99,3.3303333333333334,2.936,1.0448829280514316,2.55,11.666666666666666,28.666666666666668,4.99,3
5.0,3.9057142857142857,3.912,0.09681720626299538,,,,5.0,7
5.01,3.13,3.13,,,16.1,60.0,5.01,1
5.02,2.9,2.9,,2.909,12.1,59.0,5.02,1
5.04,3.087,3.087,,,33.3,,5.04,1
5.07,3.016,3.016,,,33.8,,5.07,1
5.09,2.816,2.816,,,24.7,78.0,5.09,1
5.11,2.771,2.771,,,11.7,34.0,5.11,1
5.13,2.915,2.915,,2.992,33.0,48.0,5.13,1
5.22,2.621,2.621,,,0.0,100.0,5.22,1
5.24,2.906,2.906,,,21.4,99.0,5.24,1
5.26,2.777,2.777,,,35.9,,5.26,1
5.28,2.816,2.816,,,31.9,,5.28,1
5.36,2.982,2.982,,3.007,7.0,48.0,5.36,1
5.37,3.055,3.055,,3.112,25.0,47.0,5.37,1
5.39,2.7140000000000004,2.7140000000000004,0.20788939366884485,2.9,15.0,54.0,5.39,2
5.41,3.003,3.003,,,9.9,70.0,5.41,1
5.42,3.319,3.319,,3.284,19.0,56.0,5.42,1
5.43,2.595,2.595,,,17.9,31.0,5.43,1
5.45,2.808,2.808,,2.82,25.5,36.0,5.45,1
5.46,2.887333333333333,2.852,0.344362212406259,3.202,27.400000000000002,55.5,5.46,3
5.5,2.9669999999999996,2.9669999999999996,0.12727922061357883,3.092,15.6,49.0,5.5,2
5.51,3.061,3.061,,3.092,10.0,70.0,5.51,1
5.54,3.076,3.076,,3.079,14.8,95.0,5.54,1
5.58,2.866,2.866,0.3295117600329313,2.9050000000000002,24.6,45.5,5.58,2
5.62,2.926,2.926,,,20.6,40.0,5.62,1
5.65,2.978,2.978,,3.079,70.0,17.0,5.65,1
5.66,2.576,2.576,,2.588,20.4,21.0,5.66,1
5.73,2.867,2.867,,,38.7,68.0,5.73,1
5.77,4.228,4.228,,4.271,0.0,65.0,5.77,1
5.78,2.879,2.879,,2.884,19.8,77.0,5.78,1
5.8,4.276,4.276,,4.317,0.0,56.0,5.8,1
5.82,3.3920000000000003,3.3920000000000003,1.0493464632808367,4.171,4.15,53.5,5.82,2
5.93,2.67,2.67,,,7.7,81.0,5.93,1
5.94,2.853666666666667,2.789,0.2048055988818015,3.097,17.466666666666665,71.33333333333333,5.94,3
6.0,3.8133749999999997,3.8275,0.17436246114672396,,,,6.0,8
6.01,2.573,2.573,,2.412,20.6,42.0,6.01,1
6.13,2.771,2.771,,,12.7,36.0,6.13,1
6.16,3.1189999999999998,3.1189999999999998,0.8188296526140219,2.595,18.0,43.5,6.16,2
6.19,2.8754999999999997,2.8754999999999997,0.07283199846221437,2.89,34.95,62.5,6.19,2
6.22,3.112,3.112,,3.158,29.0,84.0,6.22,1
6.25,2.787,2.787,,,33.4,84.0,6.25,1
6.26,2.929,2.929,,2.94,23.9,52.0,6.26,1
6.28,3.067,3.067,,3.091,14.2,51.0,6.28,1
6.37,2.749,2.749,0.1315218613006978,2.852,23.8,60.0,6.37,2
6.38,2.872,2.872,,2.871,9.1,34.0,6.38,1
6.39,2.962,2.962,,,27.7,80.0,6.39,1
6.43,2.644,2.644,,2.649,8.5,20.0,6.43,1
6.44,2.8638333333333335,2.8674999999999997,0.201674407564933,2.890166666666667,21.78333333333333,45.5,6.44,6
6.45,2.782,2.782,0.08202438661763928,2.849,8.4,45.5,6.45,2
6.47,2.9165,2.9165,0.11525840533340742,3.014,29.2,55.5,6.47,2
6.49,2.817,2.817,,2.828,15.2,58.0,6.49,1
6.5,3.593,3.593,,3.625,0.0,40.0,6.5,1
6.51,2.612,2.612,0.14142135623730964,2.725,30.6,68.5,6.51,2
6.52,2.8739999999999997,2.8739999999999997,0.004242640687119289,2.881,8.9,50.5,6.52,2
6.53,3.001,3.001,,3.02,46.3,92.0,6.53,1
6.54,4.363,4.363,,,0.0,39.0,6.54,1
6.55,3.448,3.448,,3.506,25.0,64.0,6.55,1
6.57,3.377,3.377,1.0337901140947323,3.4240000000000004,20.5,37.5,6.57,2
6.58,2.782,2.782,,,30.2,48.0,6.58,1
6.6,2.8655,2.8655,0.012020815280171397,2.889,32.4,50.0,6.6,2
6.62,2.8846666666666665,2.864,0.14014754130320423,2.941,12.533333333333333,64.66666666666667,6.62,3
6.66,2.667,2.667,,2.671,10.7,33.0,6.66,1
6.68,2.8795,2.8795,0.21283914113715074,2.8905000000000003,26.45,63.0,6.68,2
6.71,2.868,2.868,,2.897,45.9,45.0,6.71,1
6.73,2.9130000000000003,2.9130000000000003,0.025455844122715576,2.964,37.75,66.5,6.73,2
6.76,3.2625,3.2625,0.8803479425772512,,9.1,42.0,6.76,2
6.77,2.6545,2.6545,0.024748737341529263,2.6905,30.15,32.0,6.77,2
6.78,2.607,2.607,,2.611,9.7,22.0,6.78,1
6.89,3.0105,3.0105,0.05586143571373707,2.9865,14.05,72.5,6.89,2
6.92,2.94,2.94,,3.004,32.0,19.0,6.92,1
6.98,2.6014999999999997,2.6014999999999997,0.2382949852598668,2.778,24.65,94.0,6.98,2
6.99,2.763,2.763,,2.774,17.7,57.0,6.99,1
7.0,3.16,3.16,,3.214,30.0,61.0,7.0,1
7.02,2.812,2.812,,2.816,11.0,55.0,7.02,1
7.06,2.702,2.617,0.16843693181722347,2.902,9.85,57.5,7.06,3
7.08,3.197,3.197,,3.185,14.5,66.0,7.08,1
7.1,2.951,2.951,,3.012,28.0,31.0,7.1,1
7.15,3.039,3.039,,3.017,13.1,66.0,7.15,1
7.17,2.984,2.984,0.22061731573020302,2.9859999999999998,30.5,89.0,7.17,2
7.19,2.711,2.711,,2.728,40.2,34.0,7.19,1
7.21,2.8365,2.8365,0.2510229073212242,,8.0,80.0,7.21,2
7.24,3.0851666666666664,3.0229999999999997,0.3004439492928201,3.0090000000000003,21.4,45.8,7.239999999999999,6
7.25,2.9796666666666667,3.018,0.11921549116341101,3.0869999999999997,28.433333333333334,62.666666666666664,7.25,3
7.26,3.0220000000000002,3.0220000000000002,0.06646803743153522,3.0789999999999997,29.0,30.0,7.26,2
7.31,4.179,4.179,,4.2,0.0,60.0,7.31,1
7.34,2.841,2.841,,2.85,30.8,65.0,7.34,1
7.39,3.0625,3.0625,0.4419417382415922,3.0925,24.25,63.5,7.39,2
7.4,2.972,2.972,,3.021,26.0,21.0,7.4,1
7.41,2.9023333333333334,2.894,0.03818813079129844,2.929,25.333333333333332,52.0,7.41,3
7.42,3.059,3.059,,3.066,30.8,114.0,7.42,1
7.45,2.737,2.737,,2.767,14.0,11.0,7.45,1
7.48,2.768,2.768,,2.782,30.7,41.0,7.48,1
7.52,2.844,2.844,,2.912,36.0,72.0,7.52,1
7.54,2.731,2.731,0.21213203435596414,2.7645,42.9,54.0,7.54,2
7.55,3.054,3.054,,3.107,30.0,42.0,7.55,1
7.57,2.921,2.921,,2.978,29.0,73.0,7.57,1
7.62,2.975,2.975,,2.987,30.8,73.0,7.62,1
7.63,2.6719999999999997,2.6719999999999997,0.04666904755831249,2.725,33.45,46.0,7.63,2
7.65,3.0453333333333332,3.198,0.2678979905361988,3.0720000000000005,39.199999999999996,75.66666666666667,7.650000000000001,3
7.67,3.262,3.262,,3.319,36.0,64.0,7.67,1
7.68,3.05,3.05,,3.111,35.0,85.0,7.68,1
7.69,2.7645,2.7645,0.19869700551341962,2.63,36.65,62.0,7.69,2
7.7,3.014,3.014,,3.061,33.0,81.0,7.7,1
7.71,3.193,3.193,,3.205,30.8,94.0,7.71,1
7.73,3.123,3.123,,3.13,30.8,122.0,7.73,1
7.74,3.043,3.043,,,54.5,90.0,7.74,1
7.76,2.867,2.867,,2.908,29.0,51.0,7.76,1
7.77,2.847,2.847,,2.853,14.6,69.0,7.77,1
7.81,2.8735,2.8735,0.3372899346259834,3.159,22.9,66.5,7.81,2
7.86,2.8745000000000003,2.8745000000000003,0.0007071067811866267,2.887,22.55,79.5,7.86,2
7.87,3.105,3.105,,3.154,16.0,47.0,7.87,1
7.88,2.6334999999999997,2.6334999999999997,0.003535533905933133,2.645,38.05,37.0,7.88,2
7.95,3.251,3.251,,,22.1,106.0,7.95,1
7.99,2.759,2.759,,2.81,17.0,12.0,7.99,1
8.0,2.872,2.872,,2.912,16.0,16.0,8.0,1
8.01,2.715,2.715,,2.76,17.0,11.0,8.01,1
8.04,3.238,3.133,0.323541342026023,3.378,15.35,81.5,8.04,3
8.05,2.9248125,2.867,0.3068804802633538,2.9047142857142854,25.025,38.75,8.05,16
8.06,2.8305833333333332,2.8095,0.10709762609484641,2.859,19.066666666666666,54.0,8.06,12
8.07,2.895666666666667,2.847,0.20732904604356187,2.923,32.1,63.0,8.07,3
8.08,2.899,2.899,,2.947,20.0,49.0,8.08,1
8.09,2.87375,2.8514999999999997,0.06036762377301271,2.90625,36.275,42.0,8.09,4
8.1,3.141,3.141,,3.194,40.0,93.0,8.1,1
8.11,2.86,2.871,0.022605309110914743,2.8953333333333333,26.066666666666666,64.0,8.11,3
8.12,2.9939999999999998,3.037,0.10250365847129586,3.0086666666666666,23.96666666666667,76.66666666666667,8.12,3
8.14,2.818,2.818,,2.822,43.2,65.0,8.14,1
8.15,3.046333333333333,2.981,0.1335751972985006,3.086,21.0,66.66666666666667,8.15,3
8.16,2.839,2.839,0.07636753236814689,2.848,33.150000000000006,78.5,8.16,2
8.18,2.994,2.994,,3.031,17.0,57.0,8.18,1
8.29,2.8289999999999997,2.8289999999999997,0.09475230867899745,,20.9,109.0,8.29,2
8.33,3.0415,3.0415,0.09970205614730321,3.092,24.5,118.5,8.33,2
8.34,3.118,3.118,,3.171,15.0,49.0,8.34,1
8.36,3.127,3.127,,,49.2,100.0,8.36,1
8.37,3.025,3.025,,3.09,62.0,73.0,8.37,1
8.38,2.794,2.794,,,0.0,74.0,8.38,1
8.39,2.946,2.946,,2.952,16.9,67.0,8.39,1
8.41,2.976,2.976,,3.034,27.0,59.0,8.41,1
8.46,2.822,2.822,,,37.2,120.0,8.46,1
8.49,2.847,2.847,,2.861,26.8,68.0,8.49,1
8.54,2.587,2.587,,,32.3,112.0,8.54,1
8.62,2.873,2.873,,,31.6,112.0,8.62,1
8.68,2.882,2.882,,2.951,42.0,44.0,8.68,1
8.69,3.011,3.011,,3.063,35.0,102.0,8.69,1
8.73,3.154,3.154,,3.205,24.0,30.0,8.73,1
8.81,3.145,3.145,,3.167,59.6,128.0,8.81,1
8.83,3.006,3.006,,3.026,55.4,117.0,8.83,1
8.85,2.93825,2.8785,0.24999249988749675,2.98225,23.0,30.5,8.85,4
8.86,2.842,2.842,,2.849,23.1,62.0,8.86,1
8.87,2.922,2.922,,2.945,13.0,65.0,8.87,1
8.91,3.027,3.027,,3.061,17.0,68.0,8.91,1
8.94,2.888,2.888,,2.925,55.5,112.0,8.94,1
9.02,2.766,2.766,,2.791,21.4,77.0,9.02,1
9.13,3.923,3.923,,3.948,0.0,84.0,9.13,1
9.14,2.9955,2.9955,0.014849242404917433,3.024,58.75,119.5,9.14,2
9.15,3.021,3.021,,3.037,35.5,88.0,9.15,1
9.16,3.0780000000000003,3.0780000000000003,0.07071067811865465,3.1470000000000002,50.5,67.0,9.16,2
9.17,2.755,2.755,,2.786,8.0,17.0,9.17,1
9.24,3.01,3.01,,3.065,34.0,38.0,9.24,1
9.26,3.374,3.374,,,64.7,123.0,9.26,1
9.28,2.868,2.868,,2.915,34.0,35.0,9.28,1
9.32,2.7145,2.7145,0.14637110370561524,2.682,31.849999999999998,126.0,9.32,2
9.34,4.348,4.348,,,0.0,93.0,9.34,1
9.35,2.886,2.886,,,67.6,182.0,9.35,1
9.39,2.9,2.9,,2.91,33.0,65.0,9.39,1
9.42,2.659,2.659,,2.664,18.5,125.0,9.42,1
9.45,2.554,2.554,,2.601,21.0,18.0,9.45,1
9.57,2.588,2.588,,2.621,24.0,14.0,9.57,1
9.64,3.0975,3.0975,0.013435028842544494,3.183,69.7,110.0,9.64,2
9.65,3.201,3.201,0.19940411229460642,3.2640000000000002,47.0,63.0,9.65,2
9.66,2.8053,2.778,0.04958057415292129,2.8515,47.85,49.6,9.66,10
9.67,2.8795,2.9085,0.16545392107774282,2.9483333333333337,21.15,72.75,9.67,4
9.68,2.859,2.859,,2.871,42.3,88.0,9.68,1
9.7,2.9435000000000002,2.9435000000000002,0.22698127676088173,2.9835,61.95,85.5,9.7,2
9.71,3.063,3.063,,3.136,31.0,98.0,9.71,1
9.73,2.917333333333333,2.885,0.09282420661300209,2.9440000000000004,44.06666666666666,80.0,9.73,3
9.75,3.048,3.048,0.14142135623730964,3.0540000000000003,16.55,80.5,9.75,2
9.78,3.031,3.031,,3.065,21.0,48.0,9.78,1
9.79,2.596,2.596,,2.642,30.0,16.0,9.79,1
9.8,2.8120000000000003,2.8120000000000003,0.22344574285494936,2.8354999999999997,16.9,44.0,9.8,2
9.82,2.982,2.982,0.14283556979968273,3.138,32.1,108.0,9.82,2
9.83,3.1123333333333334,3.089,0.17516944177947624,3.139666666666667,40.03333333333333,88.33333333333333,9.83,3
9.84,2.899,2.899,,2.913,31.6,91.0,9.84,1
9.86,3.083,3.083,,,75.2,123.0,9.86,1
9.88,3.047,3.047,,,43.6,128.0,9.88,1
9.91,4.456,4.456,,,0.0,96.0,9.91,1
9.93,3.003,3.003,,3.034,64.6,106.0,9.93,1
10.0,2.917,2.917,,2.946,77.8,95.0,10.0,1
10.03,2.747,2.747,,2.751,48.0,86.0,10.03,1
10.05,3.059,3.059,,3.076,70.3,132.0,10.05,1
10.07,3.014,3.014,,3.087,35.0,53.0,10.07,1
10.12,2.969,2.969,,,65.4,125.0,10.12,1
10.13,3.124,3.124,,3.199,43.0,77.0,10.13,1
10.15,3.011,3.011,,3.069,30.0,78.0,10.15,1
10.16,2.821,2.821,0.039597979746446695,2.8705,37.5,29.0,10.16,2
10.18,2.86,2.86,,2.877,51.7,76.0,10.18,1
10.2,2.891,2.891,,2.938,35.0,31.0,10.2,1
10.22,2.894,2.894,,2.908,45.1,89.0,10.22,1
10.24,2.948,2.948,,2.978,50.7,176.0,10.24,1
10.25,2.828,2.828,,2.905,75.0,51.0,10.25,1
10.26,2.998,2.998,,3.013,31.8,78.0,10.26,1
10.3,3.0505,3.0505,0.30052038200428255,3.0935,21.5,63.0,10.3,2
10.31,3.068,3.068,,3.147,57.0,70.0,10.31,1
10.34,2.72,2.72,,,84.1,118.0,10.34,1
10.36,2.937,2.937,,,78.1,145.0,10.36,1
10.37,2.881,2.881,,2.889,25.3,98.0,10.37,1
10.4,3.0185,3.0185,0.11242997820866092,3.159,39.85,80.0,10.4,2
10.41,3.039,3.039,,3.077,12.0,64.0,10.41,1
10.43,3.063,3.063,,3.115,34.0,130.0,10.43,1
10.44,3.134,3.134,,3.189,44.0,76.0,10.44,1
10.46,2.8653333333333335,2.823,0.11927419391189932,2.920666666666667,47.666666666666664,43.333333333333336,10.46,3
10.47,2.825,2.825,,2.875,37.0,22.0,10.47,1
10.48,3.062333333333333,3.106,0.09348974988378829,3.121,45.0,82.66666666666667,10.48,3
10.49,3.06,3.06,,3.109,40.0,90.0,10.49,1
10.5,3.049,3.049,,3.063,49.3,103.0,10.5,1
10.51,2.986,2.986,,2.999,49.4,137.0,10.51,1
10.53,2.932,2.932,0.12727922061357835,2.859,54.95,114.5,10.53,2
10.54,2.95725,2.9605,0.14558245086548052,3.008,47.7,76.25,10.54,4
10.55,3.0615,3.0615,0.10677312395916853,3.0935,46.65,108.0,10.55,2
10.57,3.028,3.028,0.10182337649086293,3.0775,47.0,101.5,10.57,2
10.6,2.982,2.982,,3.033,49.0,105.0,10.6,1
10.62,3.143,3.143,,3.17,69.3,128.0,10.62,1
10.63,2.913,2.913,,2.938,14.0,34.0,10.63,1
10.66,2.984666666666667,2.959,0.04974267115197305,3.033333333333333,50.03333333333333,100.66666666666667,10.66,3
10.67,3.2305,3.2305,0.2538513344459706,3.309,83.4,102.0,10.67,2
10.71,2.7,2.7,,2.749,28.0,15.0,10.71,1
10.74,2.981,2.981,,2.993,35.9,77.0,10.74,1
10.75,2.715,2.715,,2.76,34.0,17.0,10.75,1
10.77,2.882,2.882,,2.919,77.6,120.0,10.77,1
10.78,2.9416666666666664,2.926,0.08262162751564119,3.0300000000000002,77.5,48.5,10.78,3
10.79,3.522,3.522,,3.574,28.0,54.0,10.79,1
10.81,3.191,3.191,,3.263,57.0,59.0,10.81,1
10.83,3.004,3.004,,3.058,34.0,66.0,10.83,1
10.85,2.996,2.996,,3.085,60.0,63.0,10.85,1
10.86,2.772,2.772,,2.801,72.8,91.0,10.86,1
10.87,2.894,2.894,,2.963,75.0,85.0,10.87,1
10.89,2.9553333333333334,2.964,0.09728994466713069,3.0156666666666667,82.86666666666666,78.33333333333333,10.89,3
10.9,2.878,2.878,0.031112698372208276,2.9365,55.0,64.5,10.9,2
10.92,2.909,2.909,,2.935,78.6,85.0,10.92,1
10.96,3.196,3.196,,3.251,87.8,116.0,10.96,1
10.98,2.912,2.912,,2.994,85.0,84.0,10.98,1
11.06,2.785,2.785,,2.798,67.8,115.0,11.06,1
11.09,3.173,3.173,,3.223,37.0,94.0,11.09,1
11.1,3.277,3.277,,,83.4,155.0,11.1,1
11.26,2.8485,2.8485,0.02899137802864871,2.8985000000000003,43.0,59.5,11.26,2
11.27,2.831666666666667,2.8535000000000004,0.0930584045998354,2.8989999999999996,57.48333333333333,62.166666666666664,11.270000000000001,6
11.28,3.123,3.123,,,0.0,110.0,11.28,1
11.3,3.009,3.009,,3.036,23.0,66.0,11.3,1
11.36,2.951,2.951,,3.01,52.0,89.0,11.36,1
11.37,2.902,2.902,,2.969,44.0,31.0,11.37,1
11.38,3.0465,3.0465,0.012020815280171555,3.0915,80.05,118.5,11.38,2
11.4,2.809,2.809,,2.81,80.5,98.0,11.4,1
11.46,2.8685,2.8685,0.003535533905932662,2.874,86.85,166.5,11.46,2
11.48,2.881,2.881,,2.949,62.0,65.0,11.48,1
11.51,3.118,3.118,,3.159,20.0,101.0,11.51,1
11.54,2.594,2.594,,,46.6,107.0,11.54,1
11.56,2.993,2.993,,3.07,44.0,95.0,11.56,1
11.57,2.972,2.972,,,48.0,142.0,11.57,1
11.58,2.882,2.882,,,,,11.58,1
11.59,3.004,3.004,,3.015,54.0,115.0,11.59,1
11.61,2.757,2.757,,,35.9,89.0,11.61,1
11.63,3.166,3.166,0.02262741699796954,3.2,49.15,103.5,11.63,2
11.64,3.38,3.38,,3.423,24.0,79.0,11.64,1
11.71,3.181,3.181,,3.247,52.0,111.0,11.71,1
11.72,2.945,2.945,,2.98,87.7,137.0,11.72,1
11.81,2.8194999999999997,2.8194999999999997,0.034648232278140935,2.8369999999999997,60.1,95.5,11.81,2
11.89,3.147,3.147,,3.222,87.0,112.0,11.89,1
11.91,3.043,3.043,,3.113,67.0,169.0,11.91,1
11.95,3.382,3.382,,3.448,50.0,81.0,11.95,1
12.05,3.021,3.021,,3.124,84.0,93.0,12.05,1
12.07,3.095,3.095,,,,,12.07,1
12.09,2.951,2.951,,3.047,85.0,104.0,12.09,1
12.14,2.941,2.941,,2.949,26.3,156.0,12.14,1
12.18,3.328,3.328,,,88.1,174.0,12.18,1
12.25,3.375,3.375,,3.414,14.0,88.0,12.25,1
12.4,3.198,3.198,0.08343860018001284,,48.6,180.5,12.4,2
12.55,3.201,3.201,,3.25,37.0,49.0,12.55,1
12.57,2.819,2.819,,3.038,267.0,113.0,12.57,1
12.59,2.852,2.852,,2.9,50.0,33.0,12.59,1
12.63,2.959,2.959,,3.022,62.0,113.0,12.63,1
12.64,3.237,3.237,,3.282,32.0,160.0,12.64,1
12.66,2.714,2.714,,2.777,41.0,55.0,12.66,1
12.69,3.101,3.101,,3.159,54.0,96.0,12.69,1
12.74,3.106,3.106,,3.128,52.6,174.0,12.74,1
12.77,3.23,3.23,,3.301,45.0,51.0,12.77,1
12.87,2.9511249999999998,2.9615,0.11149687695818454,3.032571428571429,56.0,78.57142857142857,12.87,8
12.88,2.9628333333333337,2.968,0.12589955110998996,3.0191666666666666,58.625,81.75,12.88,12
12.89,2.959,2.959,0.009899494936611831,3.0035,78.0,149.0,12.89,2
12.91,2.8495,2.8495,0.14919953083036158,2.8675,71.6,138.5,12.91,2
12.94,2.8280000000000003,2.8280000000000003,0.12162236636408612,2.862,66.7,79.5,12.94,2
12.95,3.074,3.074,,3.094,52.3,135.0,12.95,1
12.97,2.842,2.842,,2.91,79.0,23.0,12.97,1
12.98,2.935,2.935,,3.005,80.0,36.0,12.98,1
13.02,2.8674999999999997,2.8674999999999997,0.07000357133746819,2.9299999999999997,72.5,54.5,13.02,2
13.03,3.025,3.025,0.2107178207935912,3.1045,88.5,95.5,13.03,2
13.07,2.847,2.847,,2.907,46.0,24.0,13.07,1
13.1,2.987,2.987,,3.044,54.0,73.0,13.1,1
13.11,3.005,3.005,,3.04,94.2,129.0,13.11,1
13.12,2.914,2.914,,2.937,86.0,172.0,13.12,1
13.14,2.8765,2.8765,0.1195010460205264,2.9314999999999998,120.55000000000001,155.5,13.14,2
13.19,3.21,3.21,,3.293,89.0,67.0,13.19,1
13.2,3.015,3.015,,3.068,57.0,74.0,13.2,1
13.21,2.921,2.921,,2.929,73.7,158.0,13.21,1
13.27,2.944,2.944,,2.995,53.0,29.0,13.27,1
13.3,1.8599999999999999,1.8599999999999999,2.1368766927457465,1.8864999999999998,60.7,155.0,13.3,2
13.45,3.096,3.096,,3.112,78.7,128.0,13.45,1
13.49,3.464,3.464,,3.507,29.0,128.0,13.49,1
13.66,3.269,3.269,,3.326,43.0,76.0,13.66,1
13.68,2.98625,3.05,0.1613038023937026,3.151,52.4,115.0,13.68,4
13.71,3.21,3.21,,3.256,24.0,96.0,13.71,1
13.72,3.156,3.156,,3.213,137.0,161.0,13.72,1
13.76,2.9764999999999997,2.9764999999999997,0.3641599923110719,3.0275,46.0,50.5,13.76,2
13.8,3.454,3.454,,3.495,42.0,77.0,13.8,1
13.84,3.065,3.065,,,,,13.84,1
13.85,2.881,2.881,,2.905,75.0,110.0,13.85,1
13.94,3.217,3.217,,3.285,77.0,126.0,13.94,1
14.17,3.231,3.231,,3.254,52.4,173.0,14.17,1
14.28,3.176,3.176,,3.198,52.6,172.0,14.28,1
14.36,3.443,3.443,,3.493,34.0,152.0,14.36,1
14.4,3.261,3.261,,3.283,52.9,140.0,14.4,1
14.48,2.7735000000000003,2.7735000000000003,0.1251579002700188,2.8145,73.2,137.5,14.48,2
14.49,2.8493333333333335,2.82,0.05080682368868708,2.8949999999999996,82.13333333333334,88.66666666666667,14.49,3
14.6,2.846,2.846,,2.866,85.7,117.0,14.6,1
14.67,3.147,3.147,,3.252,117.0,92.0,14.67,1
14.95,3.435,3.435,,3.479,23.0,76.0,14.95,1
15.05,3.085,3.085,,3.156,95.0,49.0,15.05,1
15.06,2.966,2.966,,2.983,83.7,172.0,15.06,1
15.07,2.934,2.934,,2.966,110.2,181.0,15.07,1
15.11,2.925,2.925,,,78.0,213.0,15.11,1
15.19,2.701,2.701,,2.743,43.0,49.0,15.19,1
15.29,3.01,3.01,0.11737972567696668,3.055,88.25,127.0,15.29,2
15.37,2.79,2.79,,2.891,123.0,144.0,15.37,1
15.62,3.019,3.019,,3.038,52.1,179.0,15.62,1
15.63,3.071,3.071,,3.121,42.0,102.0,15.63,1
16.02,2.989,2.989,,3.008,52.4,199.0,16.02,1
16.09,2.925333333333333,2.981,0.1316447239099742,2.988,101.66666666666667,72.66666666666667,16.09,3
16.1,2.8665,2.8975,0.16538137742805248,2.9443333333333332,92.975,137.25,16.1,4
16.11,2.832,2.832,,2.85,88.4,159.0,16.11,1
16.17,2.809,2.809,,2.868,94.0,143.0,16.17,1
16.18,3.294,3.294,,3.337,44.0,156.0,16.18,1
16.24,2.786,2.786,,2.798,60.6,147.0,16.24,1
16.29,2.971,2.971,,2.992,87.4,166.0,16.29,1
16.54,3.276,3.276,,3.36,128.0,89.0,16.54,1
16.83,3.001,3.001,,3.027,92.8,158.0,16.83,1
17.7,3.0123333333333338,3.012,0.03850108223587139,3.079333333333333,82.66666666666667,121.66666666666667,17.7,3
17.81,2.89,2.89,,2.916,95.4,208.0,17.81,1
19.31,2.93825,2.9234999999999998,0.05622203008311484,3.0015,101.0,73.5,19.31,4
19.32,2.9385,2.9385,0.014849242404917433,3.0060000000000002,94.5,153.0,19.32,2
19.33,2.824,2.824,,2.893,94.0,106.0,19.33,1
21.09,3.038,3.038,,3.101,86.0,183.0,21.09,1
21.13,3.146,3.146,,3.228,144.0,260.0,21.13,1
